순번,변수,라벨,문항그룹,유형,결측률(%),고유값수,값설명,노트북사용
1,IDX,ID,식별·행정 (공표 시 대부분 삭제),삭제됨(전량결측),100.0,0,,
2,LIST,명부 연번,식별·행정 (공표 시 대부분 삭제),삭제됨(전량결측),100.0,0,,
3,NO0,"가구원NO (가구주는 무조건 1번, 그 외 순차적으로)",식별·행정 (공표 시 대부분 삭제),수치형,0.0,6,범위 1~6,O
4,CO11,행정구역코드1,식별·행정 (공표 시 대부분 삭제),범주형(코드),0.0,17,11=서울; 21=부산; 22=대구; 23=인천; 24=광주; 25=대전; 26=울산; 29=세종; 31=경기; 32=강원; 33=충북; 34=충남; 35=전북; 36=전남; 37=경북; 38=경남; 39=제주,O
5,CO12,행정구역코드2,식별·행정 (공표 시 대부분 삭제),수치형,0.0,66,범위 10~460,
6,CO13,행정구역코드3,식별·행정 (공표 시 대부분 삭제),수치형,0.0,58,범위 11~94,
7,CO21,조사구번호1,식별·행정 (공표 시 대부분 삭제),수치형,0.0,224,범위 1~749,
8,CO22,조사구번호2,식별·행정 (공표 시 대부분 삭제),수치형,0.0,2,범위 0~1,
9,CO30,거처번호,식별·행정 (공표 시 대부분 삭제),삭제됨(전량결측),100.0,0,,
10,CO40,가구번호,식별·행정 (공표 시 대부분 삭제),삭제됨(전량결측),100.0,0,,
11,CO50,표본가구여부,식별·행정 (공표 시 대부분 삭제),범주형(코드),0.0,2,1=표본가구; 2=대체가구,
12,ADD1_1,구주소(시/도),식별·행정 (공표 시 대부분 삭제),삭제됨(전량결측),100.0,0,,
13,ADD1_2,구주소(시/군/구),식별·행정 (공표 시 대부분 삭제),삭제됨(전량결측),100.0,0,,
14,ADD1_3,구주소(읍/면/동),식별·행정 (공표 시 대부분 삭제),삭제됨(전량결측),100.0,0,,
15,SQ1,전체 가구원수,SQ. 선문항 — 가구원수·주거형태·성별·출생연월,수치형,0.0,7,범위 1~7,
16,SQ2,적격대상 가구원수 (만15세 이상),SQ. 선문항 — 가구원수·주거형태·성별·출생연월,수치형,0.0,6,범위 1~6,
17,SQ3,가구원 현황,SQ. 선문항 — 가구원수·주거형태·성별·출생연월,범주형(코드),0.0,4,1=1인 가구; 2=2인 가구; 3=3인 가구; 4=4인 이상 가구,O
18,SQ4,주거형태,SQ. 선문항 — 가구원수·주거형태·성별·출생연월,범주형(코드),0.0,4,"1=단독주택(다가구); 2=아파트; 3=연립 및 다세대주택; 4=기타(영업용 건물 내 거주, 오피스텔 등)",
19,SQ6,응답자 성별,SQ. 선문항 — 가구원수·주거형태·성별·출생연월,범주형(코드),0.0,2,1=남; 2=여,O
20,SQ7_1,응답자 출생연월_(년),SQ. 선문항 — 가구원수·주거형태·성별·출생연월,수치형,0.0,81,범위 1930~2010,O
21,SQ8,가구주와 관계,SQ. 선문항 — 가구원수·주거형태·성별·출생연월,범주형(코드),0.0,4,1=가구주 본인; 2=가구주의 배우자; 3=가구주의 자녀; 4=기타,O
22,Q1A1,문1. 지난해 1년간 경험한 산림휴양.복지활동 유형,기타,범주형(코드),43.1,1,1=일상형; 2=당일형; 3=숙박형; 4=모두 경험 없음,O
23,Q1A2,문1. 지난해 1년간 경험한 산림휴양.복지활동 유형,기타,범주형(코드),46.5,1,1=일상형; 2=당일형; 3=숙박형; 4=모두 경험 없음,O
24,Q1A3,문1. 지난해 1년간 경험한 산림휴양.복지활동 유형,기타,범주형(코드),70.3,1,1=일상형; 2=당일형; 3=숙박형; 4=모두 경험 없음,O
25,Q1A4,문1. 지난해 1년간 경험한 산림휴양.복지활동 유형,기타,범주형(코드),87.5,1,1=일상형; 2=당일형; 3=숙박형; 4=모두 경험 없음,O
26,Q1_1A1,문1-1. 지난해 1년간 산림휴양.복지활동 미경험 이유(1순위),Q1. 활동 경험 유무 · 미경험 이유,범주형(코드),87.5,12,1=흥미가 없어서; 2=건강이 좋지 않아서; 3=시간이 없어서; 4=경비가 부족해서; 5=정보가 부족해서; 6=시설이 불편해서; 7=가족 중 노약자가 있어서; 8=교통이 불편해서; 9=바다 등 다른 여행지가 더 좋아서; 10=사람이 많아 혼잡해서; 11=주변에 관련 시설/공간이 없어서; 12=기타,O
27,Q1_1A2,문1-1. 지난해 1년간 산림휴양.복지활동 미경험 이유(2순위),Q1. 활동 경험 유무 · 미경험 이유,범주형(코드),88.9,12,1=흥미가 없어서; 2=건강이 좋지 않아서; 3=시간이 없어서; 4=경비가 부족해서; 5=정보가 부족해서; 6=시설이 불편해서; 7=가족 중 노약자가 있어서; 8=교통이 불편해서; 9=바다 등 다른 여행지가 더 좋아서; 10=사람이 많아 혼잡해서; 11=주변에 관련 시설/공간이 없어서; 12=기타,O
28,Q1_1_ETC,문1-1. 지난해 1년간 산림휴양.복지활동 미경험 이유_기타내용,Q1. 활동 경험 유무 · 미경험 이유,자유응답,99.9,8,귀찮아서 / 학업에 집중하느라 / 아기 태어나서,O
29,Q1_2_1,문1-2. 지난해 1년간 산림휴양.복지활동 미경험 상세 이유_1) 흥미가 없는 구체적 이유,Q1. 활동 경험 유무 · 미경험 이유,범주형(코드),92.6,3,1=다른 여가활동을 하느라 산림휴양.복지활동에 흥미가 없어서; 2=여가활동 자체에 흥미가 없어서; 3=흥미 있는 산림복지시설 및 산림교육/체험 프로그램이 없어서; 4=기타,O
30,Q1_2_1_ETC,문1-2. 지난해 1년간 산림휴양.복지활동 미경험 상세 이유_1) 흥미가 없는 구체적 이유_기타내용,Q1. 활동 경험 유무 · 미경험 이유,삭제됨(전량결측),100.0,0,,O
31,Q1_2_2,문1-2. 지난해 1년간 산림휴양.복지활동 미경험 상세 이유_2) 시간이 없는 구체적 이유,Q1. 활동 경험 유무 · 미경험 이유,범주형(코드),93.4,3,1=다른 여가활동을 하느라 산림휴양.복지활동을 할 시간이 없어서; 2=여가활동 자체를 즐길 시간이 없어서; 3=산림휴양.복지활동을 하고 싶으나 관련 시설 및 공간까지 이동할 시간이 여의치 않아서; 4=기타,O
32,Q1_2_2_ETC,문1-2. 지난해 1년간 산림휴양.복지활동 미경험 상세 이유_2) 시간이 없는 구체적 이유_기타내용,Q1. 활동 경험 유무 · 미경험 이유,삭제됨(전량결측),100.0,0,,O
33,Q2_1_1,문2-1. 일상형 산림휴양.복지활동 주기(주/월),Q2. 일상형 — 활동 빈도·소요시간,범주형(코드),43.1,2,1=주; 2=월,
34,Q2_1_2,문2-1. 일상형 산림휴양.복지활동 주기(회),Q2. 일상형 — 활동 빈도·소요시간,수치형,43.1,12,범위 1~20,
35,Q2_2_1,문2-1. 일상형 산림휴양.복지활동 시간(시간),Q2. 일상형 — 활동 빈도·소요시간,수치형,43.1,4,범위 0~3,
36,Q2_2_2,문2-1. 일상형 산림휴양.복지활동 시간(분),Q2. 일상형 — 활동 빈도·소요시간,수치형,43.1,16,범위 0~55,
37,Q3_1,문3-1. 일상형 산림휴양.복지활동 교통수단,Q3. 일상형 — 교통수단·이동시간,범주형(코드),43.1,4,1=도보; 2=자전거; 3=자가용; 4=대중교통; 5=기타,
38,Q3_1_ETC,문3-1. 일상형 산림휴양.복지활동 교통수단_기타내용,Q3. 일상형 — 교통수단·이동시간,삭제됨(전량결측),100.0,0,,
39,Q3_2_1,문3-1. 일상형 산림휴양.복지활동 이동시간(시간),Q3. 일상형 — 교통수단·이동시간,수치형,43.1,2,범위 0~1,
40,Q3_2_2,문3-1. 일상형 산림휴양.복지활동 이동시간(분),Q3. 일상형 — 교통수단·이동시간,수치형,43.1,30,범위 0~55,
41,Q4,문4. 일상형 산림휴양.복지활동 동행인,Q4. 일상형 — 동행인,범주형(코드),43.1,8,"1=혼자; 2=가족(부모, 배우자, 자녀, 형제); 3=친척; 4=친구/연인; 5=(직장)동료; 6=친목단체/모임(동호회, 종교단체 등); 7=학교 단체(소풍 등); 8=기타",
42,Q4_ETC,문4. 일상형 산림휴양.복지활동 동행인_기타내용,Q4. 일상형 — 동행인,자유응답,99.9,5,지인 / 주민 / 이웃,
43,Q4_1,문4-1. 일상형 산림휴양.복지활동 시 반려동물 동반 여부,Q4. 일상형 — 동행인,범주형(코드),43.1,2,1=예; 2=아니오,
44,Q5A1,문5. 일상형 산림휴양.복지활동 공간(1순위),기타,범주형(코드),43.1,6,1=산; 2=수변공원; 3=공원; 4=가로수(숲); 5=건물 주변 정원(숲); 6=기타,
45,Q5A2,문5. 일상형 산림휴양.복지활동 공간(2순위),기타,범주형(코드),46.8,6,1=산; 2=수변공원; 3=공원; 4=가로수(숲); 5=건물 주변 정원(숲); 6=기타,
46,Q5_ETC,문5. 일상형 산림휴양.복지활동 공간_기타내용,Q5. 일상형 — 활동 공간,자유응답,99.9,10,집근처 숲 산주위 / 집근처 숲속길 / 동산주변,
47,Q6,문6. 일상형 산림휴양.복지활동 목적,Q6. 일상형 — 활동 목적,범주형(코드),43.1,7,"1=휴양 및 휴식을 취하기 위해; 2=건강 증진을 위해; 3=질병 치유를 위해; 4=교육, 학습을 위해; 5=취미 및 레포츠 활동을 위해; 6=친목 활동을 위해; 7=기타",
48,Q6_ETC,문6. 일상형 산림휴양.복지활동 목적_기타내용,Q6. 일상형 — 활동 목적,자유응답,100.0,2,부모님 / 일상적루틴,
49,Q7_1,문7-1. 일상형 산림휴양.복지활동 시기_주간,Q7. 일상형 — 만족/불만족 요인,범주형(코드),43.1,3,1=주중; 2=주말; 3=공휴일(휴가 포함),
50,Q7_2,문7-2. 일상형 산림휴양.복지활동 시기_시간대,Q7. 일상형 — 만족/불만족 요인,범주형(코드),43.1,6,1=새벽(6시 이전); 2=오전(6시-9시 이전); 3=오전(9시-12시 이전); 4=오후(12시-15시 이전); 5=오후(15시-18시 이전); 6=저녁/밤(18시 이후),
51,Q8,문8. 일상형 산림휴양.복지활동 만족도,Q8. 일상형 — 종합 만족도,범주형(코드),43.1,9,0=ⓞ 매우 불만족; 1=①; 2=②; 3=③; 4=④; 5=⑤ 보통; 6=⑥; 7=⑦; 8=⑧; 9=⑨; 10=⑩ 매우 만족,O
52,Q9A1,문9. 일상형 산림휴양.복지활동 시 이용희망 공간(1순위),기타,범주형(코드),43.1,7,1=산; 2=수변공원; 3=공원; 4=가로수(숲); 5=건물 주변 정원(숲); 6=기타; 7=없음,
53,Q9A2,문9. 일상형 산림휴양.복지활동 시 이용희망 공간(2순위),기타,범주형(코드),44.6,6,1=산; 2=수변공원; 3=공원; 4=가로수(숲); 5=건물 주변 정원(숲); 6=기타; 7=없음,
54,Q9_ETC,문9. 일상형 산림휴양.복지활동 시 이용희망 공간_기타내용,Q9. 일상형 — 향후 이용희망 공간,자유응답,100.0,2,올레길 / 한라생태숲,
55,Q10_1A1,문10-1. 당일형 산림휴양.복지활동 경험 종류,Q10-1. 당일형 — 경험한 활동 종류(29종),범주형(코드),86.3,1,"1=등산; 2=하이킹(산책); 3=트레킹; 4=오리엔티어링, 지오캐싱; 5=소풍(피크닉); 6=야영(캠핑); 7=백패킹(배낭도보여행); 8=동식물 관찰 및 학습; 9=자연풍경감상; 10=명소탐방; 11=산나물 등 임산물 수확체험; 12=나무심기, 숲가꾸기 작업체험; 13=산림체조; 14=산림욕; 15=목재공작(목공예); 16=숲속생활 체험; 17=산악마라톤; 18=산악스키(스노슈잉 포함); 19=산악자전거 타기; 20=행글라이딩 및 패러글라이딩; 21=래프팅, 계곡물놀이 등 수상활동; 22=산악승마; 23=동굴탐험, 계곡탐험; 24=암벽 및 빙벽타기; 25=숲속 족욕 및 스파; 26=숲속 문화공연 체험 .관람; 27=로프체험(짚라인 등); 28=별 관찰; 29=기타",
56,Q10_1A2,문10-1. 당일형 산림휴양.복지활동 경험 종류,Q10-1. 당일형 — 경험한 활동 종류(29종),범주형(코드),79.8,1,"1=등산; 2=하이킹(산책); 3=트레킹; 4=오리엔티어링, 지오캐싱; 5=소풍(피크닉); 6=야영(캠핑); 7=백패킹(배낭도보여행); 8=동식물 관찰 및 학습; 9=자연풍경감상; 10=명소탐방; 11=산나물 등 임산물 수확체험; 12=나무심기, 숲가꾸기 작업체험; 13=산림체조; 14=산림욕; 15=목재공작(목공예); 16=숲속생활 체험; 17=산악마라톤; 18=산악스키(스노슈잉 포함); 19=산악자전거 타기; 20=행글라이딩 및 패러글라이딩; 21=래프팅, 계곡물놀이 등 수상활동; 22=산악승마; 23=동굴탐험, 계곡탐험; 24=암벽 및 빙벽타기; 25=숲속 족욕 및 스파; 26=숲속 문화공연 체험 .관람; 27=로프체험(짚라인 등); 28=별 관찰; 29=기타",
57,Q10_1A3,문10-1. 당일형 산림휴양.복지활동 경험 종류,Q10-1. 당일형 — 경험한 활동 종류(29종),범주형(코드),94.0,1,"1=등산; 2=하이킹(산책); 3=트레킹; 4=오리엔티어링, 지오캐싱; 5=소풍(피크닉); 6=야영(캠핑); 7=백패킹(배낭도보여행); 8=동식물 관찰 및 학습; 9=자연풍경감상; 10=명소탐방; 11=산나물 등 임산물 수확체험; 12=나무심기, 숲가꾸기 작업체험; 13=산림체조; 14=산림욕; 15=목재공작(목공예); 16=숲속생활 체험; 17=산악마라톤; 18=산악스키(스노슈잉 포함); 19=산악자전거 타기; 20=행글라이딩 및 패러글라이딩; 21=래프팅, 계곡물놀이 등 수상활동; 22=산악승마; 23=동굴탐험, 계곡탐험; 24=암벽 및 빙벽타기; 25=숲속 족욕 및 스파; 26=숲속 문화공연 체험 .관람; 27=로프체험(짚라인 등); 28=별 관찰; 29=기타",
58,Q10_1A4,문10-1. 당일형 산림휴양.복지활동 경험 종류,Q10-1. 당일형 — 경험한 활동 종류(29종),범주형(코드),100.0,1,"1=등산; 2=하이킹(산책); 3=트레킹; 4=오리엔티어링, 지오캐싱; 5=소풍(피크닉); 6=야영(캠핑); 7=백패킹(배낭도보여행); 8=동식물 관찰 및 학습; 9=자연풍경감상; 10=명소탐방; 11=산나물 등 임산물 수확체험; 12=나무심기, 숲가꾸기 작업체험; 13=산림체조; 14=산림욕; 15=목재공작(목공예); 16=숲속생활 체험; 17=산악마라톤; 18=산악스키(스노슈잉 포함); 19=산악자전거 타기; 20=행글라이딩 및 패러글라이딩; 21=래프팅, 계곡물놀이 등 수상활동; 22=산악승마; 23=동굴탐험, 계곡탐험; 24=암벽 및 빙벽타기; 25=숲속 족욕 및 스파; 26=숲속 문화공연 체험 .관람; 27=로프체험(짚라인 등); 28=별 관찰; 29=기타",
59,Q10_1A5,문10-1. 당일형 산림휴양.복지활동 경험 종류,Q10-1. 당일형 — 경험한 활동 종류(29종),범주형(코드),92.1,1,"1=등산; 2=하이킹(산책); 3=트레킹; 4=오리엔티어링, 지오캐싱; 5=소풍(피크닉); 6=야영(캠핑); 7=백패킹(배낭도보여행); 8=동식물 관찰 및 학습; 9=자연풍경감상; 10=명소탐방; 11=산나물 등 임산물 수확체험; 12=나무심기, 숲가꾸기 작업체험; 13=산림체조; 14=산림욕; 15=목재공작(목공예); 16=숲속생활 체험; 17=산악마라톤; 18=산악스키(스노슈잉 포함); 19=산악자전거 타기; 20=행글라이딩 및 패러글라이딩; 21=래프팅, 계곡물놀이 등 수상활동; 22=산악승마; 23=동굴탐험, 계곡탐험; 24=암벽 및 빙벽타기; 25=숲속 족욕 및 스파; 26=숲속 문화공연 체험 .관람; 27=로프체험(짚라인 등); 28=별 관찰; 29=기타",
60,Q10_1A6,문10-1. 당일형 산림휴양.복지활동 경험 종류,Q10-1. 당일형 — 경험한 활동 종류(29종),범주형(코드),98.5,1,"1=등산; 2=하이킹(산책); 3=트레킹; 4=오리엔티어링, 지오캐싱; 5=소풍(피크닉); 6=야영(캠핑); 7=백패킹(배낭도보여행); 8=동식물 관찰 및 학습; 9=자연풍경감상; 10=명소탐방; 11=산나물 등 임산물 수확체험; 12=나무심기, 숲가꾸기 작업체험; 13=산림체조; 14=산림욕; 15=목재공작(목공예); 16=숲속생활 체험; 17=산악마라톤; 18=산악스키(스노슈잉 포함); 19=산악자전거 타기; 20=행글라이딩 및 패러글라이딩; 21=래프팅, 계곡물놀이 등 수상활동; 22=산악승마; 23=동굴탐험, 계곡탐험; 24=암벽 및 빙벽타기; 25=숲속 족욕 및 스파; 26=숲속 문화공연 체험 .관람; 27=로프체험(짚라인 등); 28=별 관찰; 29=기타",
61,Q10_1A7,문10-1. 당일형 산림휴양.복지활동 경험 종류,Q10-1. 당일형 — 경험한 활동 종류(29종),범주형(코드),99.9,1,"1=등산; 2=하이킹(산책); 3=트레킹; 4=오리엔티어링, 지오캐싱; 5=소풍(피크닉); 6=야영(캠핑); 7=백패킹(배낭도보여행); 8=동식물 관찰 및 학습; 9=자연풍경감상; 10=명소탐방; 11=산나물 등 임산물 수확체험; 12=나무심기, 숲가꾸기 작업체험; 13=산림체조; 14=산림욕; 15=목재공작(목공예); 16=숲속생활 체험; 17=산악마라톤; 18=산악스키(스노슈잉 포함); 19=산악자전거 타기; 20=행글라이딩 및 패러글라이딩; 21=래프팅, 계곡물놀이 등 수상활동; 22=산악승마; 23=동굴탐험, 계곡탐험; 24=암벽 및 빙벽타기; 25=숲속 족욕 및 스파; 26=숲속 문화공연 체험 .관람; 27=로프체험(짚라인 등); 28=별 관찰; 29=기타",
62,Q10_1A8,문10-1. 당일형 산림휴양.복지활동 경험 종류,Q10-1. 당일형 — 경험한 활동 종류(29종),범주형(코드),98.7,1,"1=등산; 2=하이킹(산책); 3=트레킹; 4=오리엔티어링, 지오캐싱; 5=소풍(피크닉); 6=야영(캠핑); 7=백패킹(배낭도보여행); 8=동식물 관찰 및 학습; 9=자연풍경감상; 10=명소탐방; 11=산나물 등 임산물 수확체험; 12=나무심기, 숲가꾸기 작업체험; 13=산림체조; 14=산림욕; 15=목재공작(목공예); 16=숲속생활 체험; 17=산악마라톤; 18=산악스키(스노슈잉 포함); 19=산악자전거 타기; 20=행글라이딩 및 패러글라이딩; 21=래프팅, 계곡물놀이 등 수상활동; 22=산악승마; 23=동굴탐험, 계곡탐험; 24=암벽 및 빙벽타기; 25=숲속 족욕 및 스파; 26=숲속 문화공연 체험 .관람; 27=로프체험(짚라인 등); 28=별 관찰; 29=기타",
63,Q10_1A9,문10-1. 당일형 산림휴양.복지활동 경험 종류,Q10-1. 당일형 — 경험한 활동 종류(29종),범주형(코드),69.1,1,"1=등산; 2=하이킹(산책); 3=트레킹; 4=오리엔티어링, 지오캐싱; 5=소풍(피크닉); 6=야영(캠핑); 7=백패킹(배낭도보여행); 8=동식물 관찰 및 학습; 9=자연풍경감상; 10=명소탐방; 11=산나물 등 임산물 수확체험; 12=나무심기, 숲가꾸기 작업체험; 13=산림체조; 14=산림욕; 15=목재공작(목공예); 16=숲속생활 체험; 17=산악마라톤; 18=산악스키(스노슈잉 포함); 19=산악자전거 타기; 20=행글라이딩 및 패러글라이딩; 21=래프팅, 계곡물놀이 등 수상활동; 22=산악승마; 23=동굴탐험, 계곡탐험; 24=암벽 및 빙벽타기; 25=숲속 족욕 및 스파; 26=숲속 문화공연 체험 .관람; 27=로프체험(짚라인 등); 28=별 관찰; 29=기타",
64,Q10_1A10,문10-1. 당일형 산림휴양.복지활동 경험 종류,Q10-1. 당일형 — 경험한 활동 종류(29종),범주형(코드),88.4,1,"1=등산; 2=하이킹(산책); 3=트레킹; 4=오리엔티어링, 지오캐싱; 5=소풍(피크닉); 6=야영(캠핑); 7=백패킹(배낭도보여행); 8=동식물 관찰 및 학습; 9=자연풍경감상; 10=명소탐방; 11=산나물 등 임산물 수확체험; 12=나무심기, 숲가꾸기 작업체험; 13=산림체조; 14=산림욕; 15=목재공작(목공예); 16=숲속생활 체험; 17=산악마라톤; 18=산악스키(스노슈잉 포함); 19=산악자전거 타기; 20=행글라이딩 및 패러글라이딩; 21=래프팅, 계곡물놀이 등 수상활동; 22=산악승마; 23=동굴탐험, 계곡탐험; 24=암벽 및 빙벽타기; 25=숲속 족욕 및 스파; 26=숲속 문화공연 체험 .관람; 27=로프체험(짚라인 등); 28=별 관찰; 29=기타",
65,Q10_1A11,문10-1. 당일형 산림휴양.복지활동 경험 종류,Q10-1. 당일형 — 경험한 활동 종류(29종),범주형(코드),99.4,1,"1=등산; 2=하이킹(산책); 3=트레킹; 4=오리엔티어링, 지오캐싱; 5=소풍(피크닉); 6=야영(캠핑); 7=백패킹(배낭도보여행); 8=동식물 관찰 및 학습; 9=자연풍경감상; 10=명소탐방; 11=산나물 등 임산물 수확체험; 12=나무심기, 숲가꾸기 작업체험; 13=산림체조; 14=산림욕; 15=목재공작(목공예); 16=숲속생활 체험; 17=산악마라톤; 18=산악스키(스노슈잉 포함); 19=산악자전거 타기; 20=행글라이딩 및 패러글라이딩; 21=래프팅, 계곡물놀이 등 수상활동; 22=산악승마; 23=동굴탐험, 계곡탐험; 24=암벽 및 빙벽타기; 25=숲속 족욕 및 스파; 26=숲속 문화공연 체험 .관람; 27=로프체험(짚라인 등); 28=별 관찰; 29=기타",
66,Q10_1A12,문10-1. 당일형 산림휴양.복지활동 경험 종류,Q10-1. 당일형 — 경험한 활동 종류(29종),범주형(코드),99.9,1,"1=등산; 2=하이킹(산책); 3=트레킹; 4=오리엔티어링, 지오캐싱; 5=소풍(피크닉); 6=야영(캠핑); 7=백패킹(배낭도보여행); 8=동식물 관찰 및 학습; 9=자연풍경감상; 10=명소탐방; 11=산나물 등 임산물 수확체험; 12=나무심기, 숲가꾸기 작업체험; 13=산림체조; 14=산림욕; 15=목재공작(목공예); 16=숲속생활 체험; 17=산악마라톤; 18=산악스키(스노슈잉 포함); 19=산악자전거 타기; 20=행글라이딩 및 패러글라이딩; 21=래프팅, 계곡물놀이 등 수상활동; 22=산악승마; 23=동굴탐험, 계곡탐험; 24=암벽 및 빙벽타기; 25=숲속 족욕 및 스파; 26=숲속 문화공연 체험 .관람; 27=로프체험(짚라인 등); 28=별 관찰; 29=기타",
67,Q10_1A13,문10-1. 당일형 산림휴양.복지활동 경험 종류,Q10-1. 당일형 — 경험한 활동 종류(29종),범주형(코드),99.6,1,"1=등산; 2=하이킹(산책); 3=트레킹; 4=오리엔티어링, 지오캐싱; 5=소풍(피크닉); 6=야영(캠핑); 7=백패킹(배낭도보여행); 8=동식물 관찰 및 학습; 9=자연풍경감상; 10=명소탐방; 11=산나물 등 임산물 수확체험; 12=나무심기, 숲가꾸기 작업체험; 13=산림체조; 14=산림욕; 15=목재공작(목공예); 16=숲속생활 체험; 17=산악마라톤; 18=산악스키(스노슈잉 포함); 19=산악자전거 타기; 20=행글라이딩 및 패러글라이딩; 21=래프팅, 계곡물놀이 등 수상활동; 22=산악승마; 23=동굴탐험, 계곡탐험; 24=암벽 및 빙벽타기; 25=숲속 족욕 및 스파; 26=숲속 문화공연 체험 .관람; 27=로프체험(짚라인 등); 28=별 관찰; 29=기타",
68,Q10_1A14,문10-1. 당일형 산림휴양.복지활동 경험 종류,Q10-1. 당일형 — 경험한 활동 종류(29종),범주형(코드),97.4,1,"1=등산; 2=하이킹(산책); 3=트레킹; 4=오리엔티어링, 지오캐싱; 5=소풍(피크닉); 6=야영(캠핑); 7=백패킹(배낭도보여행); 8=동식물 관찰 및 학습; 9=자연풍경감상; 10=명소탐방; 11=산나물 등 임산물 수확체험; 12=나무심기, 숲가꾸기 작업체험; 13=산림체조; 14=산림욕; 15=목재공작(목공예); 16=숲속생활 체험; 17=산악마라톤; 18=산악스키(스노슈잉 포함); 19=산악자전거 타기; 20=행글라이딩 및 패러글라이딩; 21=래프팅, 계곡물놀이 등 수상활동; 22=산악승마; 23=동굴탐험, 계곡탐험; 24=암벽 및 빙벽타기; 25=숲속 족욕 및 스파; 26=숲속 문화공연 체험 .관람; 27=로프체험(짚라인 등); 28=별 관찰; 29=기타",
69,Q10_1A15,문10-1. 당일형 산림휴양.복지활동 경험 종류,Q10-1. 당일형 — 경험한 활동 종류(29종),범주형(코드),99.9,1,"1=등산; 2=하이킹(산책); 3=트레킹; 4=오리엔티어링, 지오캐싱; 5=소풍(피크닉); 6=야영(캠핑); 7=백패킹(배낭도보여행); 8=동식물 관찰 및 학습; 9=자연풍경감상; 10=명소탐방; 11=산나물 등 임산물 수확체험; 12=나무심기, 숲가꾸기 작업체험; 13=산림체조; 14=산림욕; 15=목재공작(목공예); 16=숲속생활 체험; 17=산악마라톤; 18=산악스키(스노슈잉 포함); 19=산악자전거 타기; 20=행글라이딩 및 패러글라이딩; 21=래프팅, 계곡물놀이 등 수상활동; 22=산악승마; 23=동굴탐험, 계곡탐험; 24=암벽 및 빙벽타기; 25=숲속 족욕 및 스파; 26=숲속 문화공연 체험 .관람; 27=로프체험(짚라인 등); 28=별 관찰; 29=기타",
70,Q10_1A16,문10-1. 당일형 산림휴양.복지활동 경험 종류,Q10-1. 당일형 — 경험한 활동 종류(29종),범주형(코드),99.8,1,"1=등산; 2=하이킹(산책); 3=트레킹; 4=오리엔티어링, 지오캐싱; 5=소풍(피크닉); 6=야영(캠핑); 7=백패킹(배낭도보여행); 8=동식물 관찰 및 학습; 9=자연풍경감상; 10=명소탐방; 11=산나물 등 임산물 수확체험; 12=나무심기, 숲가꾸기 작업체험; 13=산림체조; 14=산림욕; 15=목재공작(목공예); 16=숲속생활 체험; 17=산악마라톤; 18=산악스키(스노슈잉 포함); 19=산악자전거 타기; 20=행글라이딩 및 패러글라이딩; 21=래프팅, 계곡물놀이 등 수상활동; 22=산악승마; 23=동굴탐험, 계곡탐험; 24=암벽 및 빙벽타기; 25=숲속 족욕 및 스파; 26=숲속 문화공연 체험 .관람; 27=로프체험(짚라인 등); 28=별 관찰; 29=기타",
71,Q10_1A17,문10-1. 당일형 산림휴양.복지활동 경험 종류,Q10-1. 당일형 — 경험한 활동 종류(29종),범주형(코드),100.0,1,"1=등산; 2=하이킹(산책); 3=트레킹; 4=오리엔티어링, 지오캐싱; 5=소풍(피크닉); 6=야영(캠핑); 7=백패킹(배낭도보여행); 8=동식물 관찰 및 학습; 9=자연풍경감상; 10=명소탐방; 11=산나물 등 임산물 수확체험; 12=나무심기, 숲가꾸기 작업체험; 13=산림체조; 14=산림욕; 15=목재공작(목공예); 16=숲속생활 체험; 17=산악마라톤; 18=산악스키(스노슈잉 포함); 19=산악자전거 타기; 20=행글라이딩 및 패러글라이딩; 21=래프팅, 계곡물놀이 등 수상활동; 22=산악승마; 23=동굴탐험, 계곡탐험; 24=암벽 및 빙벽타기; 25=숲속 족욕 및 스파; 26=숲속 문화공연 체험 .관람; 27=로프체험(짚라인 등); 28=별 관찰; 29=기타",
72,Q10_1A18,문10-1. 당일형 산림휴양.복지활동 경험 종류,Q10-1. 당일형 — 경험한 활동 종류(29종),범주형(코드),100.0,1,"1=등산; 2=하이킹(산책); 3=트레킹; 4=오리엔티어링, 지오캐싱; 5=소풍(피크닉); 6=야영(캠핑); 7=백패킹(배낭도보여행); 8=동식물 관찰 및 학습; 9=자연풍경감상; 10=명소탐방; 11=산나물 등 임산물 수확체험; 12=나무심기, 숲가꾸기 작업체험; 13=산림체조; 14=산림욕; 15=목재공작(목공예); 16=숲속생활 체험; 17=산악마라톤; 18=산악스키(스노슈잉 포함); 19=산악자전거 타기; 20=행글라이딩 및 패러글라이딩; 21=래프팅, 계곡물놀이 등 수상활동; 22=산악승마; 23=동굴탐험, 계곡탐험; 24=암벽 및 빙벽타기; 25=숲속 족욕 및 스파; 26=숲속 문화공연 체험 .관람; 27=로프체험(짚라인 등); 28=별 관찰; 29=기타",
73,Q10_1A19,문10-1. 당일형 산림휴양.복지활동 경험 종류,Q10-1. 당일형 — 경험한 활동 종류(29종),범주형(코드),99.9,1,"1=등산; 2=하이킹(산책); 3=트레킹; 4=오리엔티어링, 지오캐싱; 5=소풍(피크닉); 6=야영(캠핑); 7=백패킹(배낭도보여행); 8=동식물 관찰 및 학습; 9=자연풍경감상; 10=명소탐방; 11=산나물 등 임산물 수확체험; 12=나무심기, 숲가꾸기 작업체험; 13=산림체조; 14=산림욕; 15=목재공작(목공예); 16=숲속생활 체험; 17=산악마라톤; 18=산악스키(스노슈잉 포함); 19=산악자전거 타기; 20=행글라이딩 및 패러글라이딩; 21=래프팅, 계곡물놀이 등 수상활동; 22=산악승마; 23=동굴탐험, 계곡탐험; 24=암벽 및 빙벽타기; 25=숲속 족욕 및 스파; 26=숲속 문화공연 체험 .관람; 27=로프체험(짚라인 등); 28=별 관찰; 29=기타",
74,Q10_1A20,문10-1. 당일형 산림휴양.복지활동 경험 종류,Q10-1. 당일형 — 경험한 활동 종류(29종),범주형(코드),99.9,1,"1=등산; 2=하이킹(산책); 3=트레킹; 4=오리엔티어링, 지오캐싱; 5=소풍(피크닉); 6=야영(캠핑); 7=백패킹(배낭도보여행); 8=동식물 관찰 및 학습; 9=자연풍경감상; 10=명소탐방; 11=산나물 등 임산물 수확체험; 12=나무심기, 숲가꾸기 작업체험; 13=산림체조; 14=산림욕; 15=목재공작(목공예); 16=숲속생활 체험; 17=산악마라톤; 18=산악스키(스노슈잉 포함); 19=산악자전거 타기; 20=행글라이딩 및 패러글라이딩; 21=래프팅, 계곡물놀이 등 수상활동; 22=산악승마; 23=동굴탐험, 계곡탐험; 24=암벽 및 빙벽타기; 25=숲속 족욕 및 스파; 26=숲속 문화공연 체험 .관람; 27=로프체험(짚라인 등); 28=별 관찰; 29=기타",
75,Q10_1A21,문10-1. 당일형 산림휴양.복지활동 경험 종류,Q10-1. 당일형 — 경험한 활동 종류(29종),범주형(코드),98.3,1,"1=등산; 2=하이킹(산책); 3=트레킹; 4=오리엔티어링, 지오캐싱; 5=소풍(피크닉); 6=야영(캠핑); 7=백패킹(배낭도보여행); 8=동식물 관찰 및 학습; 9=자연풍경감상; 10=명소탐방; 11=산나물 등 임산물 수확체험; 12=나무심기, 숲가꾸기 작업체험; 13=산림체조; 14=산림욕; 15=목재공작(목공예); 16=숲속생활 체험; 17=산악마라톤; 18=산악스키(스노슈잉 포함); 19=산악자전거 타기; 20=행글라이딩 및 패러글라이딩; 21=래프팅, 계곡물놀이 등 수상활동; 22=산악승마; 23=동굴탐험, 계곡탐험; 24=암벽 및 빙벽타기; 25=숲속 족욕 및 스파; 26=숲속 문화공연 체험 .관람; 27=로프체험(짚라인 등); 28=별 관찰; 29=기타",
76,Q10_1A22,문10-1. 당일형 산림휴양.복지활동 경험 종류,Q10-1. 당일형 — 경험한 활동 종류(29종),삭제됨(전량결측),100.0,0,"1=등산; 2=하이킹(산책); 3=트레킹; 4=오리엔티어링, 지오캐싱; 5=소풍(피크닉); 6=야영(캠핑); 7=백패킹(배낭도보여행); 8=동식물 관찰 및 학습; 9=자연풍경감상; 10=명소탐방; 11=산나물 등 임산물 수확체험; 12=나무심기, 숲가꾸기 작업체험; 13=산림체조; 14=산림욕; 15=목재공작(목공예); 16=숲속생활 체험; 17=산악마라톤; 18=산악스키(스노슈잉 포함); 19=산악자전거 타기; 20=행글라이딩 및 패러글라이딩; 21=래프팅, 계곡물놀이 등 수상활동; 22=산악승마; 23=동굴탐험, 계곡탐험; 24=암벽 및 빙벽타기; 25=숲속 족욕 및 스파; 26=숲속 문화공연 체험 .관람; 27=로프체험(짚라인 등); 28=별 관찰; 29=기타",
77,Q10_1A23,문10-1. 당일형 산림휴양.복지활동 경험 종류,Q10-1. 당일형 — 경험한 활동 종류(29종),범주형(코드),99.9,1,"1=등산; 2=하이킹(산책); 3=트레킹; 4=오리엔티어링, 지오캐싱; 5=소풍(피크닉); 6=야영(캠핑); 7=백패킹(배낭도보여행); 8=동식물 관찰 및 학습; 9=자연풍경감상; 10=명소탐방; 11=산나물 등 임산물 수확체험; 12=나무심기, 숲가꾸기 작업체험; 13=산림체조; 14=산림욕; 15=목재공작(목공예); 16=숲속생활 체험; 17=산악마라톤; 18=산악스키(스노슈잉 포함); 19=산악자전거 타기; 20=행글라이딩 및 패러글라이딩; 21=래프팅, 계곡물놀이 등 수상활동; 22=산악승마; 23=동굴탐험, 계곡탐험; 24=암벽 및 빙벽타기; 25=숲속 족욕 및 스파; 26=숲속 문화공연 체험 .관람; 27=로프체험(짚라인 등); 28=별 관찰; 29=기타",
78,Q10_1A24,문10-1. 당일형 산림휴양.복지활동 경험 종류,Q10-1. 당일형 — 경험한 활동 종류(29종),범주형(코드),99.9,1,"1=등산; 2=하이킹(산책); 3=트레킹; 4=오리엔티어링, 지오캐싱; 5=소풍(피크닉); 6=야영(캠핑); 7=백패킹(배낭도보여행); 8=동식물 관찰 및 학습; 9=자연풍경감상; 10=명소탐방; 11=산나물 등 임산물 수확체험; 12=나무심기, 숲가꾸기 작업체험; 13=산림체조; 14=산림욕; 15=목재공작(목공예); 16=숲속생활 체험; 17=산악마라톤; 18=산악스키(스노슈잉 포함); 19=산악자전거 타기; 20=행글라이딩 및 패러글라이딩; 21=래프팅, 계곡물놀이 등 수상활동; 22=산악승마; 23=동굴탐험, 계곡탐험; 24=암벽 및 빙벽타기; 25=숲속 족욕 및 스파; 26=숲속 문화공연 체험 .관람; 27=로프체험(짚라인 등); 28=별 관찰; 29=기타",
79,Q10_1A25,문10-1. 당일형 산림휴양.복지활동 경험 종류,Q10-1. 당일형 — 경험한 활동 종류(29종),범주형(코드),99.8,1,"1=등산; 2=하이킹(산책); 3=트레킹; 4=오리엔티어링, 지오캐싱; 5=소풍(피크닉); 6=야영(캠핑); 7=백패킹(배낭도보여행); 8=동식물 관찰 및 학습; 9=자연풍경감상; 10=명소탐방; 11=산나물 등 임산물 수확체험; 12=나무심기, 숲가꾸기 작업체험; 13=산림체조; 14=산림욕; 15=목재공작(목공예); 16=숲속생활 체험; 17=산악마라톤; 18=산악스키(스노슈잉 포함); 19=산악자전거 타기; 20=행글라이딩 및 패러글라이딩; 21=래프팅, 계곡물놀이 등 수상활동; 22=산악승마; 23=동굴탐험, 계곡탐험; 24=암벽 및 빙벽타기; 25=숲속 족욕 및 스파; 26=숲속 문화공연 체험 .관람; 27=로프체험(짚라인 등); 28=별 관찰; 29=기타",
80,Q10_1A26,문10-1. 당일형 산림휴양.복지활동 경험 종류,Q10-1. 당일형 — 경험한 활동 종류(29종),범주형(코드),99.6,1,"1=등산; 2=하이킹(산책); 3=트레킹; 4=오리엔티어링, 지오캐싱; 5=소풍(피크닉); 6=야영(캠핑); 7=백패킹(배낭도보여행); 8=동식물 관찰 및 학습; 9=자연풍경감상; 10=명소탐방; 11=산나물 등 임산물 수확체험; 12=나무심기, 숲가꾸기 작업체험; 13=산림체조; 14=산림욕; 15=목재공작(목공예); 16=숲속생활 체험; 17=산악마라톤; 18=산악스키(스노슈잉 포함); 19=산악자전거 타기; 20=행글라이딩 및 패러글라이딩; 21=래프팅, 계곡물놀이 등 수상활동; 22=산악승마; 23=동굴탐험, 계곡탐험; 24=암벽 및 빙벽타기; 25=숲속 족욕 및 스파; 26=숲속 문화공연 체험 .관람; 27=로프체험(짚라인 등); 28=별 관찰; 29=기타",
81,Q10_1A27,문10-1. 당일형 산림휴양.복지활동 경험 종류,Q10-1. 당일형 — 경험한 활동 종류(29종),범주형(코드),99.1,1,"1=등산; 2=하이킹(산책); 3=트레킹; 4=오리엔티어링, 지오캐싱; 5=소풍(피크닉); 6=야영(캠핑); 7=백패킹(배낭도보여행); 8=동식물 관찰 및 학습; 9=자연풍경감상; 10=명소탐방; 11=산나물 등 임산물 수확체험; 12=나무심기, 숲가꾸기 작업체험; 13=산림체조; 14=산림욕; 15=목재공작(목공예); 16=숲속생활 체험; 17=산악마라톤; 18=산악스키(스노슈잉 포함); 19=산악자전거 타기; 20=행글라이딩 및 패러글라이딩; 21=래프팅, 계곡물놀이 등 수상활동; 22=산악승마; 23=동굴탐험, 계곡탐험; 24=암벽 및 빙벽타기; 25=숲속 족욕 및 스파; 26=숲속 문화공연 체험 .관람; 27=로프체험(짚라인 등); 28=별 관찰; 29=기타",
82,Q10_1A28,문10-1. 당일형 산림휴양.복지활동 경험 종류,Q10-1. 당일형 — 경험한 활동 종류(29종),범주형(코드),99.6,1,"1=등산; 2=하이킹(산책); 3=트레킹; 4=오리엔티어링, 지오캐싱; 5=소풍(피크닉); 6=야영(캠핑); 7=백패킹(배낭도보여행); 8=동식물 관찰 및 학습; 9=자연풍경감상; 10=명소탐방; 11=산나물 등 임산물 수확체험; 12=나무심기, 숲가꾸기 작업체험; 13=산림체조; 14=산림욕; 15=목재공작(목공예); 16=숲속생활 체험; 17=산악마라톤; 18=산악스키(스노슈잉 포함); 19=산악자전거 타기; 20=행글라이딩 및 패러글라이딩; 21=래프팅, 계곡물놀이 등 수상활동; 22=산악승마; 23=동굴탐험, 계곡탐험; 24=암벽 및 빙벽타기; 25=숲속 족욕 및 스파; 26=숲속 문화공연 체험 .관람; 27=로프체험(짚라인 등); 28=별 관찰; 29=기타",
83,Q10_1A29,문10-1. 당일형 산림휴양.복지활동 경험 종류,Q10-1. 당일형 — 경험한 활동 종류(29종),삭제됨(전량결측),100.0,0,"1=등산; 2=하이킹(산책); 3=트레킹; 4=오리엔티어링, 지오캐싱; 5=소풍(피크닉); 6=야영(캠핑); 7=백패킹(배낭도보여행); 8=동식물 관찰 및 학습; 9=자연풍경감상; 10=명소탐방; 11=산나물 등 임산물 수확체험; 12=나무심기, 숲가꾸기 작업체험; 13=산림체조; 14=산림욕; 15=목재공작(목공예); 16=숲속생활 체험; 17=산악마라톤; 18=산악스키(스노슈잉 포함); 19=산악자전거 타기; 20=행글라이딩 및 패러글라이딩; 21=래프팅, 계곡물놀이 등 수상활동; 22=산악승마; 23=동굴탐험, 계곡탐험; 24=암벽 및 빙벽타기; 25=숲속 족욕 및 스파; 26=숲속 문화공연 체험 .관람; 27=로프체험(짚라인 등); 28=별 관찰; 29=기타",
84,Q10_1_ETC,문10-1. 당일형 산림휴양.복지활동 경험 종류_기타내용,Q10-1. 당일형 — 경험한 활동 종류(29종),삭제됨(전량결측),100.0,0,,
85,Q10_2A1,문10-2. 숙박형 산림휴양.복지활동 경험 종류,Q10-2. 숙박형 — 경험한 활동 종류(29종),범주형(코드),97.7,1,"1=등산; 2=하이킹(산책); 3=트레킹; 4=오리엔티어링, 지오캐싱; 5=소풍(피크닉); 6=야영(캠핑); 7=백패킹(배낭도보여행); 8=동식물 관찰 및 학습; 9=자연풍경감상; 10=명소탐방; 11=산나물 등 임산물 수확체험; 12=나무심기, 숲가꾸기 작업체험; 13=산림체조; 14=산림욕; 15=목재공작(목공예); 16=숲속생활 체험; 17=산악마라톤; 18=산악스키(스노슈잉 포함); 19=산악자전거 타기; 20=행글라이딩 및 패러글라이딩; 21=래프팅, 계곡물놀이 등 수상활동; 22=산악승마; 23=동굴탐험, 계곡탐험; 24=암벽 및 빙벽타기; 25=숲속 족욕 및 스파; 26=숲속 문화공연 체험 .관람; 27=로프체험(짚라인 등); 28=별 관찰; 29=기타",
86,Q10_2A2,문10-2. 숙박형 산림휴양.복지활동 경험 종류,Q10-2. 숙박형 — 경험한 활동 종류(29종),범주형(코드),97.2,1,"1=등산; 2=하이킹(산책); 3=트레킹; 4=오리엔티어링, 지오캐싱; 5=소풍(피크닉); 6=야영(캠핑); 7=백패킹(배낭도보여행); 8=동식물 관찰 및 학습; 9=자연풍경감상; 10=명소탐방; 11=산나물 등 임산물 수확체험; 12=나무심기, 숲가꾸기 작업체험; 13=산림체조; 14=산림욕; 15=목재공작(목공예); 16=숲속생활 체험; 17=산악마라톤; 18=산악스키(스노슈잉 포함); 19=산악자전거 타기; 20=행글라이딩 및 패러글라이딩; 21=래프팅, 계곡물놀이 등 수상활동; 22=산악승마; 23=동굴탐험, 계곡탐험; 24=암벽 및 빙벽타기; 25=숲속 족욕 및 스파; 26=숲속 문화공연 체험 .관람; 27=로프체험(짚라인 등); 28=별 관찰; 29=기타",
87,Q10_2A3,문10-2. 숙박형 산림휴양.복지활동 경험 종류,Q10-2. 숙박형 — 경험한 활동 종류(29종),범주형(코드),98.0,1,"1=등산; 2=하이킹(산책); 3=트레킹; 4=오리엔티어링, 지오캐싱; 5=소풍(피크닉); 6=야영(캠핑); 7=백패킹(배낭도보여행); 8=동식물 관찰 및 학습; 9=자연풍경감상; 10=명소탐방; 11=산나물 등 임산물 수확체험; 12=나무심기, 숲가꾸기 작업체험; 13=산림체조; 14=산림욕; 15=목재공작(목공예); 16=숲속생활 체험; 17=산악마라톤; 18=산악스키(스노슈잉 포함); 19=산악자전거 타기; 20=행글라이딩 및 패러글라이딩; 21=래프팅, 계곡물놀이 등 수상활동; 22=산악승마; 23=동굴탐험, 계곡탐험; 24=암벽 및 빙벽타기; 25=숲속 족욕 및 스파; 26=숲속 문화공연 체험 .관람; 27=로프체험(짚라인 등); 28=별 관찰; 29=기타",
88,Q10_2A4,문10-2. 숙박형 산림휴양.복지활동 경험 종류,Q10-2. 숙박형 — 경험한 활동 종류(29종),범주형(코드),100.0,1,"1=등산; 2=하이킹(산책); 3=트레킹; 4=오리엔티어링, 지오캐싱; 5=소풍(피크닉); 6=야영(캠핑); 7=백패킹(배낭도보여행); 8=동식물 관찰 및 학습; 9=자연풍경감상; 10=명소탐방; 11=산나물 등 임산물 수확체험; 12=나무심기, 숲가꾸기 작업체험; 13=산림체조; 14=산림욕; 15=목재공작(목공예); 16=숲속생활 체험; 17=산악마라톤; 18=산악스키(스노슈잉 포함); 19=산악자전거 타기; 20=행글라이딩 및 패러글라이딩; 21=래프팅, 계곡물놀이 등 수상활동; 22=산악승마; 23=동굴탐험, 계곡탐험; 24=암벽 및 빙벽타기; 25=숲속 족욕 및 스파; 26=숲속 문화공연 체험 .관람; 27=로프체험(짚라인 등); 28=별 관찰; 29=기타",
89,Q10_2A5,문10-2. 숙박형 산림휴양.복지활동 경험 종류,Q10-2. 숙박형 — 경험한 활동 종류(29종),범주형(코드),99.1,1,"1=등산; 2=하이킹(산책); 3=트레킹; 4=오리엔티어링, 지오캐싱; 5=소풍(피크닉); 6=야영(캠핑); 7=백패킹(배낭도보여행); 8=동식물 관찰 및 학습; 9=자연풍경감상; 10=명소탐방; 11=산나물 등 임산물 수확체험; 12=나무심기, 숲가꾸기 작업체험; 13=산림체조; 14=산림욕; 15=목재공작(목공예); 16=숲속생활 체험; 17=산악마라톤; 18=산악스키(스노슈잉 포함); 19=산악자전거 타기; 20=행글라이딩 및 패러글라이딩; 21=래프팅, 계곡물놀이 등 수상활동; 22=산악승마; 23=동굴탐험, 계곡탐험; 24=암벽 및 빙벽타기; 25=숲속 족욕 및 스파; 26=숲속 문화공연 체험 .관람; 27=로프체험(짚라인 등); 28=별 관찰; 29=기타",
90,Q10_2A6,문10-2. 숙박형 산림휴양.복지활동 경험 종류,Q10-2. 숙박형 — 경험한 활동 종류(29종),범주형(코드),93.9,1,"1=등산; 2=하이킹(산책); 3=트레킹; 4=오리엔티어링, 지오캐싱; 5=소풍(피크닉); 6=야영(캠핑); 7=백패킹(배낭도보여행); 8=동식물 관찰 및 학습; 9=자연풍경감상; 10=명소탐방; 11=산나물 등 임산물 수확체험; 12=나무심기, 숲가꾸기 작업체험; 13=산림체조; 14=산림욕; 15=목재공작(목공예); 16=숲속생활 체험; 17=산악마라톤; 18=산악스키(스노슈잉 포함); 19=산악자전거 타기; 20=행글라이딩 및 패러글라이딩; 21=래프팅, 계곡물놀이 등 수상활동; 22=산악승마; 23=동굴탐험, 계곡탐험; 24=암벽 및 빙벽타기; 25=숲속 족욕 및 스파; 26=숲속 문화공연 체험 .관람; 27=로프체험(짚라인 등); 28=별 관찰; 29=기타",
91,Q10_2A7,문10-2. 숙박형 산림휴양.복지활동 경험 종류,Q10-2. 숙박형 — 경험한 활동 종류(29종),범주형(코드),99.9,1,"1=등산; 2=하이킹(산책); 3=트레킹; 4=오리엔티어링, 지오캐싱; 5=소풍(피크닉); 6=야영(캠핑); 7=백패킹(배낭도보여행); 8=동식물 관찰 및 학습; 9=자연풍경감상; 10=명소탐방; 11=산나물 등 임산물 수확체험; 12=나무심기, 숲가꾸기 작업체험; 13=산림체조; 14=산림욕; 15=목재공작(목공예); 16=숲속생활 체험; 17=산악마라톤; 18=산악스키(스노슈잉 포함); 19=산악자전거 타기; 20=행글라이딩 및 패러글라이딩; 21=래프팅, 계곡물놀이 등 수상활동; 22=산악승마; 23=동굴탐험, 계곡탐험; 24=암벽 및 빙벽타기; 25=숲속 족욕 및 스파; 26=숲속 문화공연 체험 .관람; 27=로프체험(짚라인 등); 28=별 관찰; 29=기타",
92,Q10_2A8,문10-2. 숙박형 산림휴양.복지활동 경험 종류,Q10-2. 숙박형 — 경험한 활동 종류(29종),범주형(코드),99.7,1,"1=등산; 2=하이킹(산책); 3=트레킹; 4=오리엔티어링, 지오캐싱; 5=소풍(피크닉); 6=야영(캠핑); 7=백패킹(배낭도보여행); 8=동식물 관찰 및 학습; 9=자연풍경감상; 10=명소탐방; 11=산나물 등 임산물 수확체험; 12=나무심기, 숲가꾸기 작업체험; 13=산림체조; 14=산림욕; 15=목재공작(목공예); 16=숲속생활 체험; 17=산악마라톤; 18=산악스키(스노슈잉 포함); 19=산악자전거 타기; 20=행글라이딩 및 패러글라이딩; 21=래프팅, 계곡물놀이 등 수상활동; 22=산악승마; 23=동굴탐험, 계곡탐험; 24=암벽 및 빙벽타기; 25=숲속 족욕 및 스파; 26=숲속 문화공연 체험 .관람; 27=로프체험(짚라인 등); 28=별 관찰; 29=기타",
93,Q10_2A9,문10-2. 숙박형 산림휴양.복지활동 경험 종류,Q10-2. 숙박형 — 경험한 활동 종류(29종),범주형(코드),85.5,1,"1=등산; 2=하이킹(산책); 3=트레킹; 4=오리엔티어링, 지오캐싱; 5=소풍(피크닉); 6=야영(캠핑); 7=백패킹(배낭도보여행); 8=동식물 관찰 및 학습; 9=자연풍경감상; 10=명소탐방; 11=산나물 등 임산물 수확체험; 12=나무심기, 숲가꾸기 작업체험; 13=산림체조; 14=산림욕; 15=목재공작(목공예); 16=숲속생활 체험; 17=산악마라톤; 18=산악스키(스노슈잉 포함); 19=산악자전거 타기; 20=행글라이딩 및 패러글라이딩; 21=래프팅, 계곡물놀이 등 수상활동; 22=산악승마; 23=동굴탐험, 계곡탐험; 24=암벽 및 빙벽타기; 25=숲속 족욕 및 스파; 26=숲속 문화공연 체험 .관람; 27=로프체험(짚라인 등); 28=별 관찰; 29=기타",
94,Q10_2A10,문10-2. 숙박형 산림휴양.복지활동 경험 종류,Q10-2. 숙박형 — 경험한 활동 종류(29종),범주형(코드),93.2,1,"1=등산; 2=하이킹(산책); 3=트레킹; 4=오리엔티어링, 지오캐싱; 5=소풍(피크닉); 6=야영(캠핑); 7=백패킹(배낭도보여행); 8=동식물 관찰 및 학습; 9=자연풍경감상; 10=명소탐방; 11=산나물 등 임산물 수확체험; 12=나무심기, 숲가꾸기 작업체험; 13=산림체조; 14=산림욕; 15=목재공작(목공예); 16=숲속생활 체험; 17=산악마라톤; 18=산악스키(스노슈잉 포함); 19=산악자전거 타기; 20=행글라이딩 및 패러글라이딩; 21=래프팅, 계곡물놀이 등 수상활동; 22=산악승마; 23=동굴탐험, 계곡탐험; 24=암벽 및 빙벽타기; 25=숲속 족욕 및 스파; 26=숲속 문화공연 체험 .관람; 27=로프체험(짚라인 등); 28=별 관찰; 29=기타",
95,Q10_2A11,문10-2. 숙박형 산림휴양.복지활동 경험 종류,Q10-2. 숙박형 — 경험한 활동 종류(29종),범주형(코드),99.9,1,"1=등산; 2=하이킹(산책); 3=트레킹; 4=오리엔티어링, 지오캐싱; 5=소풍(피크닉); 6=야영(캠핑); 7=백패킹(배낭도보여행); 8=동식물 관찰 및 학습; 9=자연풍경감상; 10=명소탐방; 11=산나물 등 임산물 수확체험; 12=나무심기, 숲가꾸기 작업체험; 13=산림체조; 14=산림욕; 15=목재공작(목공예); 16=숲속생활 체험; 17=산악마라톤; 18=산악스키(스노슈잉 포함); 19=산악자전거 타기; 20=행글라이딩 및 패러글라이딩; 21=래프팅, 계곡물놀이 등 수상활동; 22=산악승마; 23=동굴탐험, 계곡탐험; 24=암벽 및 빙벽타기; 25=숲속 족욕 및 스파; 26=숲속 문화공연 체험 .관람; 27=로프체험(짚라인 등); 28=별 관찰; 29=기타",
96,Q10_2A12,문10-2. 숙박형 산림휴양.복지활동 경험 종류,Q10-2. 숙박형 — 경험한 활동 종류(29종),범주형(코드),100.0,1,"1=등산; 2=하이킹(산책); 3=트레킹; 4=오리엔티어링, 지오캐싱; 5=소풍(피크닉); 6=야영(캠핑); 7=백패킹(배낭도보여행); 8=동식물 관찰 및 학습; 9=자연풍경감상; 10=명소탐방; 11=산나물 등 임산물 수확체험; 12=나무심기, 숲가꾸기 작업체험; 13=산림체조; 14=산림욕; 15=목재공작(목공예); 16=숲속생활 체험; 17=산악마라톤; 18=산악스키(스노슈잉 포함); 19=산악자전거 타기; 20=행글라이딩 및 패러글라이딩; 21=래프팅, 계곡물놀이 등 수상활동; 22=산악승마; 23=동굴탐험, 계곡탐험; 24=암벽 및 빙벽타기; 25=숲속 족욕 및 스파; 26=숲속 문화공연 체험 .관람; 27=로프체험(짚라인 등); 28=별 관찰; 29=기타",
97,Q10_2A13,문10-2. 숙박형 산림휴양.복지활동 경험 종류,Q10-2. 숙박형 — 경험한 활동 종류(29종),범주형(코드),99.9,1,"1=등산; 2=하이킹(산책); 3=트레킹; 4=오리엔티어링, 지오캐싱; 5=소풍(피크닉); 6=야영(캠핑); 7=백패킹(배낭도보여행); 8=동식물 관찰 및 학습; 9=자연풍경감상; 10=명소탐방; 11=산나물 등 임산물 수확체험; 12=나무심기, 숲가꾸기 작업체험; 13=산림체조; 14=산림욕; 15=목재공작(목공예); 16=숲속생활 체험; 17=산악마라톤; 18=산악스키(스노슈잉 포함); 19=산악자전거 타기; 20=행글라이딩 및 패러글라이딩; 21=래프팅, 계곡물놀이 등 수상활동; 22=산악승마; 23=동굴탐험, 계곡탐험; 24=암벽 및 빙벽타기; 25=숲속 족욕 및 스파; 26=숲속 문화공연 체험 .관람; 27=로프체험(짚라인 등); 28=별 관찰; 29=기타",
98,Q10_2A14,문10-2. 숙박형 산림휴양.복지활동 경험 종류,Q10-2. 숙박형 — 경험한 활동 종류(29종),범주형(코드),98.3,1,"1=등산; 2=하이킹(산책); 3=트레킹; 4=오리엔티어링, 지오캐싱; 5=소풍(피크닉); 6=야영(캠핑); 7=백패킹(배낭도보여행); 8=동식물 관찰 및 학습; 9=자연풍경감상; 10=명소탐방; 11=산나물 등 임산물 수확체험; 12=나무심기, 숲가꾸기 작업체험; 13=산림체조; 14=산림욕; 15=목재공작(목공예); 16=숲속생활 체험; 17=산악마라톤; 18=산악스키(스노슈잉 포함); 19=산악자전거 타기; 20=행글라이딩 및 패러글라이딩; 21=래프팅, 계곡물놀이 등 수상활동; 22=산악승마; 23=동굴탐험, 계곡탐험; 24=암벽 및 빙벽타기; 25=숲속 족욕 및 스파; 26=숲속 문화공연 체험 .관람; 27=로프체험(짚라인 등); 28=별 관찰; 29=기타",
99,Q10_2A15,문10-2. 숙박형 산림휴양.복지활동 경험 종류,Q10-2. 숙박형 — 경험한 활동 종류(29종),범주형(코드),99.9,1,"1=등산; 2=하이킹(산책); 3=트레킹; 4=오리엔티어링, 지오캐싱; 5=소풍(피크닉); 6=야영(캠핑); 7=백패킹(배낭도보여행); 8=동식물 관찰 및 학습; 9=자연풍경감상; 10=명소탐방; 11=산나물 등 임산물 수확체험; 12=나무심기, 숲가꾸기 작업체험; 13=산림체조; 14=산림욕; 15=목재공작(목공예); 16=숲속생활 체험; 17=산악마라톤; 18=산악스키(스노슈잉 포함); 19=산악자전거 타기; 20=행글라이딩 및 패러글라이딩; 21=래프팅, 계곡물놀이 등 수상활동; 22=산악승마; 23=동굴탐험, 계곡탐험; 24=암벽 및 빙벽타기; 25=숲속 족욕 및 스파; 26=숲속 문화공연 체험 .관람; 27=로프체험(짚라인 등); 28=별 관찰; 29=기타",
100,Q10_2A16,문10-2. 숙박형 산림휴양.복지활동 경험 종류,Q10-2. 숙박형 — 경험한 활동 종류(29종),범주형(코드),99.3,1,"1=등산; 2=하이킹(산책); 3=트레킹; 4=오리엔티어링, 지오캐싱; 5=소풍(피크닉); 6=야영(캠핑); 7=백패킹(배낭도보여행); 8=동식물 관찰 및 학습; 9=자연풍경감상; 10=명소탐방; 11=산나물 등 임산물 수확체험; 12=나무심기, 숲가꾸기 작업체험; 13=산림체조; 14=산림욕; 15=목재공작(목공예); 16=숲속생활 체험; 17=산악마라톤; 18=산악스키(스노슈잉 포함); 19=산악자전거 타기; 20=행글라이딩 및 패러글라이딩; 21=래프팅, 계곡물놀이 등 수상활동; 22=산악승마; 23=동굴탐험, 계곡탐험; 24=암벽 및 빙벽타기; 25=숲속 족욕 및 스파; 26=숲속 문화공연 체험 .관람; 27=로프체험(짚라인 등); 28=별 관찰; 29=기타",
101,Q10_2A17,문10-2. 숙박형 산림휴양.복지활동 경험 종류,Q10-2. 숙박형 — 경험한 활동 종류(29종),삭제됨(전량결측),100.0,0,"1=등산; 2=하이킹(산책); 3=트레킹; 4=오리엔티어링, 지오캐싱; 5=소풍(피크닉); 6=야영(캠핑); 7=백패킹(배낭도보여행); 8=동식물 관찰 및 학습; 9=자연풍경감상; 10=명소탐방; 11=산나물 등 임산물 수확체험; 12=나무심기, 숲가꾸기 작업체험; 13=산림체조; 14=산림욕; 15=목재공작(목공예); 16=숲속생활 체험; 17=산악마라톤; 18=산악스키(스노슈잉 포함); 19=산악자전거 타기; 20=행글라이딩 및 패러글라이딩; 21=래프팅, 계곡물놀이 등 수상활동; 22=산악승마; 23=동굴탐험, 계곡탐험; 24=암벽 및 빙벽타기; 25=숲속 족욕 및 스파; 26=숲속 문화공연 체험 .관람; 27=로프체험(짚라인 등); 28=별 관찰; 29=기타",
102,Q10_2A18,문10-2. 숙박형 산림휴양.복지활동 경험 종류,Q10-2. 숙박형 — 경험한 활동 종류(29종),범주형(코드),100.0,1,"1=등산; 2=하이킹(산책); 3=트레킹; 4=오리엔티어링, 지오캐싱; 5=소풍(피크닉); 6=야영(캠핑); 7=백패킹(배낭도보여행); 8=동식물 관찰 및 학습; 9=자연풍경감상; 10=명소탐방; 11=산나물 등 임산물 수확체험; 12=나무심기, 숲가꾸기 작업체험; 13=산림체조; 14=산림욕; 15=목재공작(목공예); 16=숲속생활 체험; 17=산악마라톤; 18=산악스키(스노슈잉 포함); 19=산악자전거 타기; 20=행글라이딩 및 패러글라이딩; 21=래프팅, 계곡물놀이 등 수상활동; 22=산악승마; 23=동굴탐험, 계곡탐험; 24=암벽 및 빙벽타기; 25=숲속 족욕 및 스파; 26=숲속 문화공연 체험 .관람; 27=로프체험(짚라인 등); 28=별 관찰; 29=기타",
103,Q10_2A19,문10-2. 숙박형 산림휴양.복지활동 경험 종류,Q10-2. 숙박형 — 경험한 활동 종류(29종),범주형(코드),99.9,1,"1=등산; 2=하이킹(산책); 3=트레킹; 4=오리엔티어링, 지오캐싱; 5=소풍(피크닉); 6=야영(캠핑); 7=백패킹(배낭도보여행); 8=동식물 관찰 및 학습; 9=자연풍경감상; 10=명소탐방; 11=산나물 등 임산물 수확체험; 12=나무심기, 숲가꾸기 작업체험; 13=산림체조; 14=산림욕; 15=목재공작(목공예); 16=숲속생활 체험; 17=산악마라톤; 18=산악스키(스노슈잉 포함); 19=산악자전거 타기; 20=행글라이딩 및 패러글라이딩; 21=래프팅, 계곡물놀이 등 수상활동; 22=산악승마; 23=동굴탐험, 계곡탐험; 24=암벽 및 빙벽타기; 25=숲속 족욕 및 스파; 26=숲속 문화공연 체험 .관람; 27=로프체험(짚라인 등); 28=별 관찰; 29=기타",
104,Q10_2A20,문10-2. 숙박형 산림휴양.복지활동 경험 종류,Q10-2. 숙박형 — 경험한 활동 종류(29종),범주형(코드),99.5,1,"1=등산; 2=하이킹(산책); 3=트레킹; 4=오리엔티어링, 지오캐싱; 5=소풍(피크닉); 6=야영(캠핑); 7=백패킹(배낭도보여행); 8=동식물 관찰 및 학습; 9=자연풍경감상; 10=명소탐방; 11=산나물 등 임산물 수확체험; 12=나무심기, 숲가꾸기 작업체험; 13=산림체조; 14=산림욕; 15=목재공작(목공예); 16=숲속생활 체험; 17=산악마라톤; 18=산악스키(스노슈잉 포함); 19=산악자전거 타기; 20=행글라이딩 및 패러글라이딩; 21=래프팅, 계곡물놀이 등 수상활동; 22=산악승마; 23=동굴탐험, 계곡탐험; 24=암벽 및 빙벽타기; 25=숲속 족욕 및 스파; 26=숲속 문화공연 체험 .관람; 27=로프체험(짚라인 등); 28=별 관찰; 29=기타",
105,Q10_2A21,문10-2. 숙박형 산림휴양.복지활동 경험 종류,Q10-2. 숙박형 — 경험한 활동 종류(29종),범주형(코드),95.7,1,"1=등산; 2=하이킹(산책); 3=트레킹; 4=오리엔티어링, 지오캐싱; 5=소풍(피크닉); 6=야영(캠핑); 7=백패킹(배낭도보여행); 8=동식물 관찰 및 학습; 9=자연풍경감상; 10=명소탐방; 11=산나물 등 임산물 수확체험; 12=나무심기, 숲가꾸기 작업체험; 13=산림체조; 14=산림욕; 15=목재공작(목공예); 16=숲속생활 체험; 17=산악마라톤; 18=산악스키(스노슈잉 포함); 19=산악자전거 타기; 20=행글라이딩 및 패러글라이딩; 21=래프팅, 계곡물놀이 등 수상활동; 22=산악승마; 23=동굴탐험, 계곡탐험; 24=암벽 및 빙벽타기; 25=숲속 족욕 및 스파; 26=숲속 문화공연 체험 .관람; 27=로프체험(짚라인 등); 28=별 관찰; 29=기타",
106,Q10_2A22,문10-2. 숙박형 산림휴양.복지활동 경험 종류,Q10-2. 숙박형 — 경험한 활동 종류(29종),범주형(코드),99.9,1,"1=등산; 2=하이킹(산책); 3=트레킹; 4=오리엔티어링, 지오캐싱; 5=소풍(피크닉); 6=야영(캠핑); 7=백패킹(배낭도보여행); 8=동식물 관찰 및 학습; 9=자연풍경감상; 10=명소탐방; 11=산나물 등 임산물 수확체험; 12=나무심기, 숲가꾸기 작업체험; 13=산림체조; 14=산림욕; 15=목재공작(목공예); 16=숲속생활 체험; 17=산악마라톤; 18=산악스키(스노슈잉 포함); 19=산악자전거 타기; 20=행글라이딩 및 패러글라이딩; 21=래프팅, 계곡물놀이 등 수상활동; 22=산악승마; 23=동굴탐험, 계곡탐험; 24=암벽 및 빙벽타기; 25=숲속 족욕 및 스파; 26=숲속 문화공연 체험 .관람; 27=로프체험(짚라인 등); 28=별 관찰; 29=기타",
107,Q10_2A23,문10-2. 숙박형 산림휴양.복지활동 경험 종류,Q10-2. 숙박형 — 경험한 활동 종류(29종),범주형(코드),99.4,1,"1=등산; 2=하이킹(산책); 3=트레킹; 4=오리엔티어링, 지오캐싱; 5=소풍(피크닉); 6=야영(캠핑); 7=백패킹(배낭도보여행); 8=동식물 관찰 및 학습; 9=자연풍경감상; 10=명소탐방; 11=산나물 등 임산물 수확체험; 12=나무심기, 숲가꾸기 작업체험; 13=산림체조; 14=산림욕; 15=목재공작(목공예); 16=숲속생활 체험; 17=산악마라톤; 18=산악스키(스노슈잉 포함); 19=산악자전거 타기; 20=행글라이딩 및 패러글라이딩; 21=래프팅, 계곡물놀이 등 수상활동; 22=산악승마; 23=동굴탐험, 계곡탐험; 24=암벽 및 빙벽타기; 25=숲속 족욕 및 스파; 26=숲속 문화공연 체험 .관람; 27=로프체험(짚라인 등); 28=별 관찰; 29=기타",
108,Q10_2A24,문10-2. 숙박형 산림휴양.복지활동 경험 종류,Q10-2. 숙박형 — 경험한 활동 종류(29종),범주형(코드),99.9,1,"1=등산; 2=하이킹(산책); 3=트레킹; 4=오리엔티어링, 지오캐싱; 5=소풍(피크닉); 6=야영(캠핑); 7=백패킹(배낭도보여행); 8=동식물 관찰 및 학습; 9=자연풍경감상; 10=명소탐방; 11=산나물 등 임산물 수확체험; 12=나무심기, 숲가꾸기 작업체험; 13=산림체조; 14=산림욕; 15=목재공작(목공예); 16=숲속생활 체험; 17=산악마라톤; 18=산악스키(스노슈잉 포함); 19=산악자전거 타기; 20=행글라이딩 및 패러글라이딩; 21=래프팅, 계곡물놀이 등 수상활동; 22=산악승마; 23=동굴탐험, 계곡탐험; 24=암벽 및 빙벽타기; 25=숲속 족욕 및 스파; 26=숲속 문화공연 체험 .관람; 27=로프체험(짚라인 등); 28=별 관찰; 29=기타",
109,Q10_2A25,문10-2. 숙박형 산림휴양.복지활동 경험 종류,Q10-2. 숙박형 — 경험한 활동 종류(29종),범주형(코드),99.1,1,"1=등산; 2=하이킹(산책); 3=트레킹; 4=오리엔티어링, 지오캐싱; 5=소풍(피크닉); 6=야영(캠핑); 7=백패킹(배낭도보여행); 8=동식물 관찰 및 학습; 9=자연풍경감상; 10=명소탐방; 11=산나물 등 임산물 수확체험; 12=나무심기, 숲가꾸기 작업체험; 13=산림체조; 14=산림욕; 15=목재공작(목공예); 16=숲속생활 체험; 17=산악마라톤; 18=산악스키(스노슈잉 포함); 19=산악자전거 타기; 20=행글라이딩 및 패러글라이딩; 21=래프팅, 계곡물놀이 등 수상활동; 22=산악승마; 23=동굴탐험, 계곡탐험; 24=암벽 및 빙벽타기; 25=숲속 족욕 및 스파; 26=숲속 문화공연 체험 .관람; 27=로프체험(짚라인 등); 28=별 관찰; 29=기타",
110,Q10_2A26,문10-2. 숙박형 산림휴양.복지활동 경험 종류,Q10-2. 숙박형 — 경험한 활동 종류(29종),범주형(코드),99.6,1,"1=등산; 2=하이킹(산책); 3=트레킹; 4=오리엔티어링, 지오캐싱; 5=소풍(피크닉); 6=야영(캠핑); 7=백패킹(배낭도보여행); 8=동식물 관찰 및 학습; 9=자연풍경감상; 10=명소탐방; 11=산나물 등 임산물 수확체험; 12=나무심기, 숲가꾸기 작업체험; 13=산림체조; 14=산림욕; 15=목재공작(목공예); 16=숲속생활 체험; 17=산악마라톤; 18=산악스키(스노슈잉 포함); 19=산악자전거 타기; 20=행글라이딩 및 패러글라이딩; 21=래프팅, 계곡물놀이 등 수상활동; 22=산악승마; 23=동굴탐험, 계곡탐험; 24=암벽 및 빙벽타기; 25=숲속 족욕 및 스파; 26=숲속 문화공연 체험 .관람; 27=로프체험(짚라인 등); 28=별 관찰; 29=기타",
111,Q10_2A27,문10-2. 숙박형 산림휴양.복지활동 경험 종류,Q10-2. 숙박형 — 경험한 활동 종류(29종),범주형(코드),98.5,1,"1=등산; 2=하이킹(산책); 3=트레킹; 4=오리엔티어링, 지오캐싱; 5=소풍(피크닉); 6=야영(캠핑); 7=백패킹(배낭도보여행); 8=동식물 관찰 및 학습; 9=자연풍경감상; 10=명소탐방; 11=산나물 등 임산물 수확체험; 12=나무심기, 숲가꾸기 작업체험; 13=산림체조; 14=산림욕; 15=목재공작(목공예); 16=숲속생활 체험; 17=산악마라톤; 18=산악스키(스노슈잉 포함); 19=산악자전거 타기; 20=행글라이딩 및 패러글라이딩; 21=래프팅, 계곡물놀이 등 수상활동; 22=산악승마; 23=동굴탐험, 계곡탐험; 24=암벽 및 빙벽타기; 25=숲속 족욕 및 스파; 26=숲속 문화공연 체험 .관람; 27=로프체험(짚라인 등); 28=별 관찰; 29=기타",
112,Q10_2A28,문10-2. 숙박형 산림휴양.복지활동 경험 종류,Q10-2. 숙박형 — 경험한 활동 종류(29종),범주형(코드),99.1,1,"1=등산; 2=하이킹(산책); 3=트레킹; 4=오리엔티어링, 지오캐싱; 5=소풍(피크닉); 6=야영(캠핑); 7=백패킹(배낭도보여행); 8=동식물 관찰 및 학습; 9=자연풍경감상; 10=명소탐방; 11=산나물 등 임산물 수확체험; 12=나무심기, 숲가꾸기 작업체험; 13=산림체조; 14=산림욕; 15=목재공작(목공예); 16=숲속생활 체험; 17=산악마라톤; 18=산악스키(스노슈잉 포함); 19=산악자전거 타기; 20=행글라이딩 및 패러글라이딩; 21=래프팅, 계곡물놀이 등 수상활동; 22=산악승마; 23=동굴탐험, 계곡탐험; 24=암벽 및 빙벽타기; 25=숲속 족욕 및 스파; 26=숲속 문화공연 체험 .관람; 27=로프체험(짚라인 등); 28=별 관찰; 29=기타",
113,Q10_2A29,문10-2. 숙박형 산림휴양.복지활동 경험 종류,Q10-2. 숙박형 — 경험한 활동 종류(29종),삭제됨(전량결측),100.0,0,"1=등산; 2=하이킹(산책); 3=트레킹; 4=오리엔티어링, 지오캐싱; 5=소풍(피크닉); 6=야영(캠핑); 7=백패킹(배낭도보여행); 8=동식물 관찰 및 학습; 9=자연풍경감상; 10=명소탐방; 11=산나물 등 임산물 수확체험; 12=나무심기, 숲가꾸기 작업체험; 13=산림체조; 14=산림욕; 15=목재공작(목공예); 16=숲속생활 체험; 17=산악마라톤; 18=산악스키(스노슈잉 포함); 19=산악자전거 타기; 20=행글라이딩 및 패러글라이딩; 21=래프팅, 계곡물놀이 등 수상활동; 22=산악승마; 23=동굴탐험, 계곡탐험; 24=암벽 및 빙벽타기; 25=숲속 족욕 및 스파; 26=숲속 문화공연 체험 .관람; 27=로프체험(짚라인 등); 28=별 관찰; 29=기타",
114,Q10_2_ETC,문10-2. 숙박형 산림휴양.복지활동 경험 종류_기타내용,Q10-2. 숙박형 — 경험한 활동 종류(29종),삭제됨(전량결측),100.0,0,,
115,Q11A1,문11-1. 당일형 산림휴양.복지활동 참여활동,Q11. 당일형 방문기록 — 최대 15슬롯 (지역·횟수·동반·목적·소비),범주형(코드),46.5,25,"1=등산; 2=하이킹(산책); 3=트레킹; 4=오리엔티어링, 지오캐싱; 5=소풍(피크닉); 6=야영(캠핑); 7=백패킹(배낭도보여행); 8=동식물 관찰 및 학습; 9=자연풍경감상; 10=명소탐방; 11=산나물 등 임산물 수확체험; 12=나무심기, 숲가꾸기 작업체험; 13=산림체조; 14=산림욕; 15=목재공작(목공예); 16=숲속생활 체험; 17=산악마라톤; 18=산악스키(스노슈잉 포함); 19=산악자전거 타기; 20=행글라이딩 및 패러글라이딩; 21=래프팅, 계곡물놀이 등 수상활동; 22=산악승마; 23=동굴탐험, 계곡탐험; 24=암벽 및 빙벽타기; 25=숲속 족욕 및 스파; 26=숲속 문화공연 체험 .관람; 27=로프체험(짚라인 등); 28=별 관찰; 29=기타",O
116,Q11A2,문11-1. 당일형 산림휴양.복지활동 참여활동,Q11. 당일형 방문기록 — 최대 15슬롯 (지역·횟수·동반·목적·소비),범주형(코드),58.0,26,"1=등산; 2=하이킹(산책); 3=트레킹; 4=오리엔티어링, 지오캐싱; 5=소풍(피크닉); 6=야영(캠핑); 7=백패킹(배낭도보여행); 8=동식물 관찰 및 학습; 9=자연풍경감상; 10=명소탐방; 11=산나물 등 임산물 수확체험; 12=나무심기, 숲가꾸기 작업체험; 13=산림체조; 14=산림욕; 15=목재공작(목공예); 16=숲속생활 체험; 17=산악마라톤; 18=산악스키(스노슈잉 포함); 19=산악자전거 타기; 20=행글라이딩 및 패러글라이딩; 21=래프팅, 계곡물놀이 등 수상활동; 22=산악승마; 23=동굴탐험, 계곡탐험; 24=암벽 및 빙벽타기; 25=숲속 족욕 및 스파; 26=숲속 문화공연 체험 .관람; 27=로프체험(짚라인 등); 28=별 관찰; 29=기타",O
117,Q11A3,문11-1. 당일형 산림휴양.복지활동 참여활동,Q11. 당일형 방문기록 — 최대 15슬롯 (지역·횟수·동반·목적·소비),범주형(코드),75.7,25,"1=등산; 2=하이킹(산책); 3=트레킹; 4=오리엔티어링, 지오캐싱; 5=소풍(피크닉); 6=야영(캠핑); 7=백패킹(배낭도보여행); 8=동식물 관찰 및 학습; 9=자연풍경감상; 10=명소탐방; 11=산나물 등 임산물 수확체험; 12=나무심기, 숲가꾸기 작업체험; 13=산림체조; 14=산림욕; 15=목재공작(목공예); 16=숲속생활 체험; 17=산악마라톤; 18=산악스키(스노슈잉 포함); 19=산악자전거 타기; 20=행글라이딩 및 패러글라이딩; 21=래프팅, 계곡물놀이 등 수상활동; 22=산악승마; 23=동굴탐험, 계곡탐험; 24=암벽 및 빙벽타기; 25=숲속 족욕 및 스파; 26=숲속 문화공연 체험 .관람; 27=로프체험(짚라인 등); 28=별 관찰; 29=기타",O
118,Q11A4,문11-1. 당일형 산림휴양.복지활동 참여활동,Q11. 당일형 방문기록 — 최대 15슬롯 (지역·횟수·동반·목적·소비),범주형(코드),88.5,23,"1=등산; 2=하이킹(산책); 3=트레킹; 4=오리엔티어링, 지오캐싱; 5=소풍(피크닉); 6=야영(캠핑); 7=백패킹(배낭도보여행); 8=동식물 관찰 및 학습; 9=자연풍경감상; 10=명소탐방; 11=산나물 등 임산물 수확체험; 12=나무심기, 숲가꾸기 작업체험; 13=산림체조; 14=산림욕; 15=목재공작(목공예); 16=숲속생활 체험; 17=산악마라톤; 18=산악스키(스노슈잉 포함); 19=산악자전거 타기; 20=행글라이딩 및 패러글라이딩; 21=래프팅, 계곡물놀이 등 수상활동; 22=산악승마; 23=동굴탐험, 계곡탐험; 24=암벽 및 빙벽타기; 25=숲속 족욕 및 스파; 26=숲속 문화공연 체험 .관람; 27=로프체험(짚라인 등); 28=별 관찰; 29=기타",O
119,Q11A5,문11-1. 당일형 산림휴양.복지활동 참여활동,Q11. 당일형 방문기록 — 최대 15슬롯 (지역·횟수·동반·목적·소비),범주형(코드),95.1,19,"1=등산; 2=하이킹(산책); 3=트레킹; 4=오리엔티어링, 지오캐싱; 5=소풍(피크닉); 6=야영(캠핑); 7=백패킹(배낭도보여행); 8=동식물 관찰 및 학습; 9=자연풍경감상; 10=명소탐방; 11=산나물 등 임산물 수확체험; 12=나무심기, 숲가꾸기 작업체험; 13=산림체조; 14=산림욕; 15=목재공작(목공예); 16=숲속생활 체험; 17=산악마라톤; 18=산악스키(스노슈잉 포함); 19=산악자전거 타기; 20=행글라이딩 및 패러글라이딩; 21=래프팅, 계곡물놀이 등 수상활동; 22=산악승마; 23=동굴탐험, 계곡탐험; 24=암벽 및 빙벽타기; 25=숲속 족욕 및 스파; 26=숲속 문화공연 체험 .관람; 27=로프체험(짚라인 등); 28=별 관찰; 29=기타",O
120,Q11A6,문11-1. 당일형 산림휴양.복지활동 참여활동,Q11. 당일형 방문기록 — 최대 15슬롯 (지역·횟수·동반·목적·소비),범주형(코드),97.8,11,"1=등산; 2=하이킹(산책); 3=트레킹; 4=오리엔티어링, 지오캐싱; 5=소풍(피크닉); 6=야영(캠핑); 7=백패킹(배낭도보여행); 8=동식물 관찰 및 학습; 9=자연풍경감상; 10=명소탐방; 11=산나물 등 임산물 수확체험; 12=나무심기, 숲가꾸기 작업체험; 13=산림체조; 14=산림욕; 15=목재공작(목공예); 16=숲속생활 체험; 17=산악마라톤; 18=산악스키(스노슈잉 포함); 19=산악자전거 타기; 20=행글라이딩 및 패러글라이딩; 21=래프팅, 계곡물놀이 등 수상활동; 22=산악승마; 23=동굴탐험, 계곡탐험; 24=암벽 및 빙벽타기; 25=숲속 족욕 및 스파; 26=숲속 문화공연 체험 .관람; 27=로프체험(짚라인 등); 28=별 관찰; 29=기타",O
121,Q11A7,문11-1. 당일형 산림휴양.복지활동 참여활동,Q11. 당일형 방문기록 — 최대 15슬롯 (지역·횟수·동반·목적·소비),범주형(코드),98.9,11,"1=등산; 2=하이킹(산책); 3=트레킹; 4=오리엔티어링, 지오캐싱; 5=소풍(피크닉); 6=야영(캠핑); 7=백패킹(배낭도보여행); 8=동식물 관찰 및 학습; 9=자연풍경감상; 10=명소탐방; 11=산나물 등 임산물 수확체험; 12=나무심기, 숲가꾸기 작업체험; 13=산림체조; 14=산림욕; 15=목재공작(목공예); 16=숲속생활 체험; 17=산악마라톤; 18=산악스키(스노슈잉 포함); 19=산악자전거 타기; 20=행글라이딩 및 패러글라이딩; 21=래프팅, 계곡물놀이 등 수상활동; 22=산악승마; 23=동굴탐험, 계곡탐험; 24=암벽 및 빙벽타기; 25=숲속 족욕 및 스파; 26=숲속 문화공연 체험 .관람; 27=로프체험(짚라인 등); 28=별 관찰; 29=기타",O
122,Q11A8,문11-1. 당일형 산림휴양.복지활동 참여활동,Q11. 당일형 방문기록 — 최대 15슬롯 (지역·횟수·동반·목적·소비),범주형(코드),99.2,12,"1=등산; 2=하이킹(산책); 3=트레킹; 4=오리엔티어링, 지오캐싱; 5=소풍(피크닉); 6=야영(캠핑); 7=백패킹(배낭도보여행); 8=동식물 관찰 및 학습; 9=자연풍경감상; 10=명소탐방; 11=산나물 등 임산물 수확체험; 12=나무심기, 숲가꾸기 작업체험; 13=산림체조; 14=산림욕; 15=목재공작(목공예); 16=숲속생활 체험; 17=산악마라톤; 18=산악스키(스노슈잉 포함); 19=산악자전거 타기; 20=행글라이딩 및 패러글라이딩; 21=래프팅, 계곡물놀이 등 수상활동; 22=산악승마; 23=동굴탐험, 계곡탐험; 24=암벽 및 빙벽타기; 25=숲속 족욕 및 스파; 26=숲속 문화공연 체험 .관람; 27=로프체험(짚라인 등); 28=별 관찰; 29=기타",O
123,Q11A9,문11-1. 당일형 산림휴양.복지활동 참여활동,Q11. 당일형 방문기록 — 최대 15슬롯 (지역·횟수·동반·목적·소비),범주형(코드),99.6,6,"1=등산; 2=하이킹(산책); 3=트레킹; 4=오리엔티어링, 지오캐싱; 5=소풍(피크닉); 6=야영(캠핑); 7=백패킹(배낭도보여행); 8=동식물 관찰 및 학습; 9=자연풍경감상; 10=명소탐방; 11=산나물 등 임산물 수확체험; 12=나무심기, 숲가꾸기 작업체험; 13=산림체조; 14=산림욕; 15=목재공작(목공예); 16=숲속생활 체험; 17=산악마라톤; 18=산악스키(스노슈잉 포함); 19=산악자전거 타기; 20=행글라이딩 및 패러글라이딩; 21=래프팅, 계곡물놀이 등 수상활동; 22=산악승마; 23=동굴탐험, 계곡탐험; 24=암벽 및 빙벽타기; 25=숲속 족욕 및 스파; 26=숲속 문화공연 체험 .관람; 27=로프체험(짚라인 등); 28=별 관찰; 29=기타",O
124,Q11A10,문11-1. 당일형 산림휴양.복지활동 참여활동,Q11. 당일형 방문기록 — 최대 15슬롯 (지역·횟수·동반·목적·소비),범주형(코드),99.7,5,"1=등산; 2=하이킹(산책); 3=트레킹; 4=오리엔티어링, 지오캐싱; 5=소풍(피크닉); 6=야영(캠핑); 7=백패킹(배낭도보여행); 8=동식물 관찰 및 학습; 9=자연풍경감상; 10=명소탐방; 11=산나물 등 임산물 수확체험; 12=나무심기, 숲가꾸기 작업체험; 13=산림체조; 14=산림욕; 15=목재공작(목공예); 16=숲속생활 체험; 17=산악마라톤; 18=산악스키(스노슈잉 포함); 19=산악자전거 타기; 20=행글라이딩 및 패러글라이딩; 21=래프팅, 계곡물놀이 등 수상활동; 22=산악승마; 23=동굴탐험, 계곡탐험; 24=암벽 및 빙벽타기; 25=숲속 족욕 및 스파; 26=숲속 문화공연 체험 .관람; 27=로프체험(짚라인 등); 28=별 관찰; 29=기타",O
125,Q11A11,문11-1. 당일형 산림휴양.복지활동 참여활동,Q11. 당일형 방문기록 — 최대 15슬롯 (지역·횟수·동반·목적·소비),범주형(코드),99.8,4,"1=등산; 2=하이킹(산책); 3=트레킹; 4=오리엔티어링, 지오캐싱; 5=소풍(피크닉); 6=야영(캠핑); 7=백패킹(배낭도보여행); 8=동식물 관찰 및 학습; 9=자연풍경감상; 10=명소탐방; 11=산나물 등 임산물 수확체험; 12=나무심기, 숲가꾸기 작업체험; 13=산림체조; 14=산림욕; 15=목재공작(목공예); 16=숲속생활 체험; 17=산악마라톤; 18=산악스키(스노슈잉 포함); 19=산악자전거 타기; 20=행글라이딩 및 패러글라이딩; 21=래프팅, 계곡물놀이 등 수상활동; 22=산악승마; 23=동굴탐험, 계곡탐험; 24=암벽 및 빙벽타기; 25=숲속 족욕 및 스파; 26=숲속 문화공연 체험 .관람; 27=로프체험(짚라인 등); 28=별 관찰; 29=기타",O
126,Q11A12,문11-1. 당일형 산림휴양.복지활동 참여활동,Q11. 당일형 방문기록 — 최대 15슬롯 (지역·횟수·동반·목적·소비),범주형(코드),99.9,3,"1=등산; 2=하이킹(산책); 3=트레킹; 4=오리엔티어링, 지오캐싱; 5=소풍(피크닉); 6=야영(캠핑); 7=백패킹(배낭도보여행); 8=동식물 관찰 및 학습; 9=자연풍경감상; 10=명소탐방; 11=산나물 등 임산물 수확체험; 12=나무심기, 숲가꾸기 작업체험; 13=산림체조; 14=산림욕; 15=목재공작(목공예); 16=숲속생활 체험; 17=산악마라톤; 18=산악스키(스노슈잉 포함); 19=산악자전거 타기; 20=행글라이딩 및 패러글라이딩; 21=래프팅, 계곡물놀이 등 수상활동; 22=산악승마; 23=동굴탐험, 계곡탐험; 24=암벽 및 빙벽타기; 25=숲속 족욕 및 스파; 26=숲속 문화공연 체험 .관람; 27=로프체험(짚라인 등); 28=별 관찰; 29=기타",O
127,Q11A13,문11-1. 당일형 산림휴양.복지활동 참여활동,Q11. 당일형 방문기록 — 최대 15슬롯 (지역·횟수·동반·목적·소비),범주형(코드),99.9,4,"1=등산; 2=하이킹(산책); 3=트레킹; 4=오리엔티어링, 지오캐싱; 5=소풍(피크닉); 6=야영(캠핑); 7=백패킹(배낭도보여행); 8=동식물 관찰 및 학습; 9=자연풍경감상; 10=명소탐방; 11=산나물 등 임산물 수확체험; 12=나무심기, 숲가꾸기 작업체험; 13=산림체조; 14=산림욕; 15=목재공작(목공예); 16=숲속생활 체험; 17=산악마라톤; 18=산악스키(스노슈잉 포함); 19=산악자전거 타기; 20=행글라이딩 및 패러글라이딩; 21=래프팅, 계곡물놀이 등 수상활동; 22=산악승마; 23=동굴탐험, 계곡탐험; 24=암벽 및 빙벽타기; 25=숲속 족욕 및 스파; 26=숲속 문화공연 체험 .관람; 27=로프체험(짚라인 등); 28=별 관찰; 29=기타",O
128,Q11A14,문11-1. 당일형 산림휴양.복지활동 참여활동,Q11. 당일형 방문기록 — 최대 15슬롯 (지역·횟수·동반·목적·소비),범주형(코드),100.0,2,"1=등산; 2=하이킹(산책); 3=트레킹; 4=오리엔티어링, 지오캐싱; 5=소풍(피크닉); 6=야영(캠핑); 7=백패킹(배낭도보여행); 8=동식물 관찰 및 학습; 9=자연풍경감상; 10=명소탐방; 11=산나물 등 임산물 수확체험; 12=나무심기, 숲가꾸기 작업체험; 13=산림체조; 14=산림욕; 15=목재공작(목공예); 16=숲속생활 체험; 17=산악마라톤; 18=산악스키(스노슈잉 포함); 19=산악자전거 타기; 20=행글라이딩 및 패러글라이딩; 21=래프팅, 계곡물놀이 등 수상활동; 22=산악승마; 23=동굴탐험, 계곡탐험; 24=암벽 및 빙벽타기; 25=숲속 족욕 및 스파; 26=숲속 문화공연 체험 .관람; 27=로프체험(짚라인 등); 28=별 관찰; 29=기타",O
129,Q11A15,문11-1. 당일형 산림휴양.복지활동 참여활동,Q11. 당일형 방문기록 — 최대 15슬롯 (지역·횟수·동반·목적·소비),범주형(코드),100.0,1,"1=등산; 2=하이킹(산책); 3=트레킹; 4=오리엔티어링, 지오캐싱; 5=소풍(피크닉); 6=야영(캠핑); 7=백패킹(배낭도보여행); 8=동식물 관찰 및 학습; 9=자연풍경감상; 10=명소탐방; 11=산나물 등 임산물 수확체험; 12=나무심기, 숲가꾸기 작업체험; 13=산림체조; 14=산림욕; 15=목재공작(목공예); 16=숲속생활 체험; 17=산악마라톤; 18=산악스키(스노슈잉 포함); 19=산악자전거 타기; 20=행글라이딩 및 패러글라이딩; 21=래프팅, 계곡물놀이 등 수상활동; 22=산악승마; 23=동굴탐험, 계곡탐험; 24=암벽 및 빙벽타기; 25=숲속 족욕 및 스파; 26=숲속 문화공연 체험 .관람; 27=로프체험(짚라인 등); 28=별 관찰; 29=기타",O
130,Q11_2_1A1,문11-2-1. 당일형 산림휴양.복지활동 방문시기(시기),Q11. 당일형 방문기록 — 최대 15슬롯 (지역·횟수·동반·목적·소비),범주형(코드),46.5,12,1=1월; 2=2월; 3=3월; 4=4월; 5=5월; 6=6월; 7=7월; 8=8월; 9=9월; 10=10월; 11=11월; 12=12월,O
131,Q11_2_2A1,문11-2-2. 당일형 산림휴양.복지활동 방문시기(주간),Q11. 당일형 방문기록 — 최대 15슬롯 (지역·횟수·동반·목적·소비),범주형(코드),46.5,3,1=주중; 2=주말; 3=공휴일(휴가 포함),O
132,Q11_3A1,문11-3. 당일형 산림휴양.복지활동 방문지역,Q11. 당일형 방문기록 — 최대 15슬롯 (지역·횟수·동반·목적·소비),범주형(코드),46.5,220,11010=서울 종로구; 11020=서울 중구; 11030=서울 용산구; 11040=서울 성동구; 11050=서울 광진구; 11060=서울 동대문구; 11070=서울 중랑구; 11080=서울 성북구; 11090=서울 강북구; 11100=서울 도봉구; 11110=서울 노원구; 11120=서울 은평구; 11130=서울 서대문구; 11140=서울 마포구; 11150=서울 양천구; 11160=서울 강서구; 11170=서울 구로구; 11180=서울 금천구; 11190=서울 영등포구; 11200=서울 동작구; 11210=서울 관악구; 11220=서울 서초구; 11230=서울 강남구; 11240=서울 송파구; 11250=서울 강동구; 21010=부산 중구; 21020=부산 서구; 21030=부산 동구; 21040=부산 영도구; 21050=부산 부산진구; …=외 231개,O
133,Q11_4A1,문11-4. 지역 선택 이유,Q11. 당일형 방문기록 — 최대 15슬롯 (지역·횟수·동반·목적·소비),범주형(코드),46.5,8,"1=수려한 자연경관; 2=이동 및 교통의 편의성; 3=시설의 편리성, 쾌적성; 4=저렴한 여행경비; 5=다양한 볼거리, 즐길거리, 먹거리; 6=주변 관광지와의 연계성; 7=교육성(교육적 측면); 8=기타",O
134,Q11_4A1_ETC,문11-4. 지역 선택 이유_기타내용,Q11. 당일형 방문기록 — 최대 15슬롯 (지역·횟수·동반·목적·소비),자유응답,99.9,6,부모님선택 / 동호회 / 고사리채취,O
135,Q11_5A1,문11-5. 당일 일정 횟수,Q11. 당일형 방문기록 — 최대 15슬롯 (지역·횟수·동반·목적·소비),수치형,46.5,11,범위 1~13,O
136,Q11_6A1,문11-6. 동반유형,Q11. 당일형 방문기록 — 최대 15슬롯 (지역·횟수·동반·목적·소비),범주형(코드),46.5,7,"1=혼자; 2=가족(부모, 배우자, 자녀, 형제); 3=친척; 4=친구/연인; 5=(직장)동료; 6=친목단체/모임(동호회, 종교단체 등); 7=학교 단체(소풍, 수학여행 등); 8=기타",O
137,Q11_6A1_ETC,문11-6. 동반유형_기타내용,Q11. 당일형 방문기록 — 최대 15슬롯 (지역·횟수·동반·목적·소비),삭제됨(전량결측),100.0,0,,O
138,Q11_7A1,문11-7. 방문목적,Q11. 당일형 방문기록 — 최대 15슬롯 (지역·횟수·동반·목적·소비),범주형(코드),46.5,7,"1=휴양 및 휴식을 취하기 위해; 2=건강 증진을 위해; 3=질병 치유를 위해; 4=교육, 학습을 위해; 5=취미 및 레포츠 활동을 위해; 6=친목 활동을 위해; 7=기타",O
139,Q11_7A1_ETC,문11-7. 방문목적_기타내용,Q11. 당일형 방문기록 — 최대 15슬롯 (지역·횟수·동반·목적·소비),자유응답,99.9,3,가족여행 / 실향민으로 고향생각이 나서 / 나물 채취,O
140,Q11_8A1,문11-8. 1회 기준 1인 평균 소비금액,Q11. 당일형 방문기록 — 최대 15슬롯 (지역·횟수·동반·목적·소비),수치형,46.5,23,범위 0~30,O
141,Q11_2_1A2,문11-2-1. 당일형 산림휴양.복지활동 방문시기(시기),Q11. 당일형 방문기록 — 최대 15슬롯 (지역·횟수·동반·목적·소비),범주형(코드),58.0,12,1=1월; 2=2월; 3=3월; 4=4월; 5=5월; 6=6월; 7=7월; 8=8월; 9=9월; 10=10월; 11=11월; 12=12월,O
142,Q11_2_2A2,문11-2-2. 당일형 산림휴양.복지활동 방문시기(주간),Q11. 당일형 방문기록 — 최대 15슬롯 (지역·횟수·동반·목적·소비),범주형(코드),58.0,3,1=주중; 2=주말; 3=공휴일(휴가 포함),O
143,Q11_3A2,문11-3. 당일형 산림휴양.복지활동 방문지역,Q11. 당일형 방문기록 — 최대 15슬롯 (지역·횟수·동반·목적·소비),범주형(코드),58.0,222,11010=서울 종로구; 11020=서울 중구; 11030=서울 용산구; 11040=서울 성동구; 11050=서울 광진구; 11060=서울 동대문구; 11070=서울 중랑구; 11080=서울 성북구; 11090=서울 강북구; 11100=서울 도봉구; 11110=서울 노원구; 11120=서울 은평구; 11130=서울 서대문구; 11140=서울 마포구; 11150=서울 양천구; 11160=서울 강서구; 11170=서울 구로구; 11180=서울 금천구; 11190=서울 영등포구; 11200=서울 동작구; 11210=서울 관악구; 11220=서울 서초구; 11230=서울 강남구; 11240=서울 송파구; 11250=서울 강동구; 21010=부산 중구; 21020=부산 서구; 21030=부산 동구; 21040=부산 영도구; 21050=부산 부산진구; …=외 231개,O
144,Q11_4A2,문11-4. 지역 선택 이유,Q11. 당일형 방문기록 — 최대 15슬롯 (지역·횟수·동반·목적·소비),범주형(코드),58.0,8,"1=수려한 자연경관; 2=이동 및 교통의 편의성; 3=시설의 편리성, 쾌적성; 4=저렴한 여행경비; 5=다양한 볼거리, 즐길거리, 먹거리; 6=주변 관광지와의 연계성; 7=교육성(교육적 측면); 8=기타",O
145,Q11_4A2_ETC,문11-4. 지역 선택 이유_기타내용,Q11. 당일형 방문기록 — 최대 15슬롯 (지역·횟수·동반·목적·소비),자유응답,100.0,3,부모님선택 / 동호회 / 자연숲길,O
146,Q11_5A2,문11-5. 당일 일정 횟수,Q11. 당일형 방문기록 — 최대 15슬롯 (지역·횟수·동반·목적·소비),수치형,58.0,11,범위 1~15,O
147,Q11_6A2,문11-6. 동반유형,Q11. 당일형 방문기록 — 최대 15슬롯 (지역·횟수·동반·목적·소비),범주형(코드),58.0,7,"1=혼자; 2=가족(부모, 배우자, 자녀, 형제); 3=친척; 4=친구/연인; 5=(직장)동료; 6=친목단체/모임(동호회, 종교단체 등); 7=학교 단체(소풍, 수학여행 등); 8=기타",O
148,Q11_6A2_ETC,문11-6. 동반유형_기타내용,Q11. 당일형 방문기록 — 최대 15슬롯 (지역·횟수·동반·목적·소비),삭제됨(전량결측),100.0,0,,O
149,Q11_7A2,문11-7. 방문목적,Q11. 당일형 방문기록 — 최대 15슬롯 (지역·횟수·동반·목적·소비),범주형(코드),58.0,7,"1=휴양 및 휴식을 취하기 위해; 2=건강 증진을 위해; 3=질병 치유를 위해; 4=교육, 학습을 위해; 5=취미 및 레포츠 활동을 위해; 6=친목 활동을 위해; 7=기타",O
150,Q11_7A2_ETC,문11-7. 방문목적_기타내용,Q11. 당일형 방문기록 — 최대 15슬롯 (지역·횟수·동반·목적·소비),자유응답,100.0,3,가족여행 / 실향민으로 고향생각이 나서 / 반려견외출,O
151,Q11_8A2,문11-8. 1회 기준 1인 평균 소비금액,Q11. 당일형 방문기록 — 최대 15슬롯 (지역·횟수·동반·목적·소비),수치형,58.0,26,범위 0~68,O
152,Q11_2_1A3,문11-2-1. 당일형 산림휴양.복지활동 방문시기(시기),Q11. 당일형 방문기록 — 최대 15슬롯 (지역·횟수·동반·목적·소비),범주형(코드),75.7,11,1=1월; 2=2월; 3=3월; 4=4월; 5=5월; 6=6월; 7=7월; 8=8월; 9=9월; 10=10월; 11=11월; 12=12월,O
153,Q11_2_2A3,문11-2-2. 당일형 산림휴양.복지활동 방문시기(주간),Q11. 당일형 방문기록 — 최대 15슬롯 (지역·횟수·동반·목적·소비),범주형(코드),75.7,3,1=주중; 2=주말; 3=공휴일(휴가 포함),O
154,Q11_3A3,문11-3. 당일형 산림휴양.복지활동 방문지역,Q11. 당일형 방문기록 — 최대 15슬롯 (지역·횟수·동반·목적·소비),범주형(코드),75.7,209,11010=서울 종로구; 11020=서울 중구; 11030=서울 용산구; 11040=서울 성동구; 11050=서울 광진구; 11060=서울 동대문구; 11070=서울 중랑구; 11080=서울 성북구; 11090=서울 강북구; 11100=서울 도봉구; 11110=서울 노원구; 11120=서울 은평구; 11130=서울 서대문구; 11140=서울 마포구; 11150=서울 양천구; 11160=서울 강서구; 11170=서울 구로구; 11180=서울 금천구; 11190=서울 영등포구; 11200=서울 동작구; 11210=서울 관악구; 11220=서울 서초구; 11230=서울 강남구; 11240=서울 송파구; 11250=서울 강동구; 21010=부산 중구; 21020=부산 서구; 21030=부산 동구; 21040=부산 영도구; 21050=부산 부산진구; …=외 231개,O
155,Q11_4A3,문11-4. 지역 선택 이유,Q11. 당일형 방문기록 — 최대 15슬롯 (지역·횟수·동반·목적·소비),범주형(코드),75.7,8,"1=수려한 자연경관; 2=이동 및 교통의 편의성; 3=시설의 편리성, 쾌적성; 4=저렴한 여행경비; 5=다양한 볼거리, 즐길거리, 먹거리; 6=주변 관광지와의 연계성; 7=교육성(교육적 측면); 8=기타",O
156,Q11_4A3_ETC,문11-4. 지역 선택 이유_기타내용,Q11. 당일형 방문기록 — 최대 15슬롯 (지역·횟수·동반·목적·소비),자유응답,100.0,3,부모님선택 / 동호회 / 자연숲길,O
157,Q11_5A3,문11-5. 당일 일정 횟수,Q11. 당일형 방문기록 — 최대 15슬롯 (지역·횟수·동반·목적·소비),수치형,75.7,10,범위 1~21,O
158,Q11_6A3,문11-6. 동반유형,Q11. 당일형 방문기록 — 최대 15슬롯 (지역·횟수·동반·목적·소비),범주형(코드),75.7,7,"1=혼자; 2=가족(부모, 배우자, 자녀, 형제); 3=친척; 4=친구/연인; 5=(직장)동료; 6=친목단체/모임(동호회, 종교단체 등); 7=학교 단체(소풍, 수학여행 등); 8=기타",O
159,Q11_6A3_ETC,문11-6. 동반유형_기타내용,Q11. 당일형 방문기록 — 최대 15슬롯 (지역·횟수·동반·목적·소비),삭제됨(전량결측),100.0,0,,O
160,Q11_7A3,문11-7. 방문목적,Q11. 당일형 방문기록 — 최대 15슬롯 (지역·횟수·동반·목적·소비),범주형(코드),75.7,7,"1=휴양 및 휴식을 취하기 위해; 2=건강 증진을 위해; 3=질병 치유를 위해; 4=교육, 학습을 위해; 5=취미 및 레포츠 활동을 위해; 6=친목 활동을 위해; 7=기타",O
161,Q11_7A3_ETC,문11-7. 방문목적_기타내용,Q11. 당일형 방문기록 — 최대 15슬롯 (지역·횟수·동반·목적·소비),자유응답,100.0,3,가족여행 / 실향민으로 고향생각이 나서 / 산나물채취,O
162,Q11_8A3,문11-8. 1회 기준 1인 평균 소비금액,Q11. 당일형 방문기록 — 최대 15슬롯 (지역·횟수·동반·목적·소비),수치형,75.7,24,범위 0~40,O
163,Q11_2_1A4,문11-2-1. 당일형 산림휴양.복지활동 방문시기(시기),Q11. 당일형 방문기록 — 최대 15슬롯 (지역·횟수·동반·목적·소비),범주형(코드),88.5,11,1=1월; 2=2월; 3=3월; 4=4월; 5=5월; 6=6월; 7=7월; 8=8월; 9=9월; 10=10월; 11=11월; 12=12월,O
164,Q11_2_2A4,문11-2-2. 당일형 산림휴양.복지활동 방문시기(주간),Q11. 당일형 방문기록 — 최대 15슬롯 (지역·횟수·동반·목적·소비),범주형(코드),88.5,3,1=주중; 2=주말; 3=공휴일(휴가 포함),O
165,Q11_3A4,문11-3. 당일형 산림휴양.복지활동 방문지역,Q11. 당일형 방문기록 — 최대 15슬롯 (지역·횟수·동반·목적·소비),범주형(코드),88.5,181,11010=서울 종로구; 11020=서울 중구; 11030=서울 용산구; 11040=서울 성동구; 11050=서울 광진구; 11060=서울 동대문구; 11070=서울 중랑구; 11080=서울 성북구; 11090=서울 강북구; 11100=서울 도봉구; 11110=서울 노원구; 11120=서울 은평구; 11130=서울 서대문구; 11140=서울 마포구; 11150=서울 양천구; 11160=서울 강서구; 11170=서울 구로구; 11180=서울 금천구; 11190=서울 영등포구; 11200=서울 동작구; 11210=서울 관악구; 11220=서울 서초구; 11230=서울 강남구; 11240=서울 송파구; 11250=서울 강동구; 21010=부산 중구; 21020=부산 서구; 21030=부산 동구; 21040=부산 영도구; 21050=부산 부산진구; …=외 231개,O
166,Q11_4A4,문11-4. 지역 선택 이유,Q11. 당일형 방문기록 — 최대 15슬롯 (지역·횟수·동반·목적·소비),범주형(코드),88.5,8,"1=수려한 자연경관; 2=이동 및 교통의 편의성; 3=시설의 편리성, 쾌적성; 4=저렴한 여행경비; 5=다양한 볼거리, 즐길거리, 먹거리; 6=주변 관광지와의 연계성; 7=교육성(교육적 측면); 8=기타",O
167,Q11_4A4_ETC,문11-4. 지역 선택 이유_기타내용,Q11. 당일형 방문기록 — 최대 15슬롯 (지역·횟수·동반·목적·소비),자유응답,100.0,3,부모님결정 / 동호회 / 친목,O
168,Q11_5A4,문11-5. 당일 일정 횟수,Q11. 당일형 방문기록 — 최대 15슬롯 (지역·횟수·동반·목적·소비),수치형,88.5,11,범위 1~25,O
169,Q11_6A4,문11-6. 동반유형,Q11. 당일형 방문기록 — 최대 15슬롯 (지역·횟수·동반·목적·소비),범주형(코드),88.5,8,"1=혼자; 2=가족(부모, 배우자, 자녀, 형제); 3=친척; 4=친구/연인; 5=(직장)동료; 6=친목단체/모임(동호회, 종교단체 등); 7=학교 단체(소풍, 수학여행 등); 8=기타",O
170,Q11_6A4_ETC,문11-6. 동반유형_기타내용,Q11. 당일형 방문기록 — 최대 15슬롯 (지역·횟수·동반·목적·소비),자유응답,100.0,1,회사,O
171,Q11_7A4,문11-7. 방문목적,Q11. 당일형 방문기록 — 최대 15슬롯 (지역·횟수·동반·목적·소비),범주형(코드),88.5,7,"1=휴양 및 휴식을 취하기 위해; 2=건강 증진을 위해; 3=질병 치유를 위해; 4=교육, 학습을 위해; 5=취미 및 레포츠 활동을 위해; 6=친목 활동을 위해; 7=기타",O
172,Q11_7A4_ETC,문11-7. 방문목적_기타내용,Q11. 당일형 방문기록 — 최대 15슬롯 (지역·횟수·동반·목적·소비),자유응답,100.0,2,가족여행 / 실향민으로 고향생각이 나서,O
173,Q11_8A4,문11-8. 1회 기준 1인 평균 소비금액,Q11. 당일형 방문기록 — 최대 15슬롯 (지역·횟수·동반·목적·소비),수치형,88.5,19,범위 0~25,O
174,Q11_2_1A5,문11-2-1. 당일형 산림휴양.복지활동 방문시기(시기),Q11. 당일형 방문기록 — 최대 15슬롯 (지역·횟수·동반·목적·소비),범주형(코드),95.1,10,1=1월; 2=2월; 3=3월; 4=4월; 5=5월; 6=6월; 7=7월; 8=8월; 9=9월; 10=10월; 11=11월; 12=12월,O
175,Q11_2_2A5,문11-2-2. 당일형 산림휴양.복지활동 방문시기(주간),Q11. 당일형 방문기록 — 최대 15슬롯 (지역·횟수·동반·목적·소비),범주형(코드),95.1,3,1=주중; 2=주말; 3=공휴일(휴가 포함),O
176,Q11_3A5,문11-3. 당일형 산림휴양.복지활동 방문지역,Q11. 당일형 방문기록 — 최대 15슬롯 (지역·횟수·동반·목적·소비),범주형(코드),95.1,146,11010=서울 종로구; 11020=서울 중구; 11030=서울 용산구; 11040=서울 성동구; 11050=서울 광진구; 11060=서울 동대문구; 11070=서울 중랑구; 11080=서울 성북구; 11090=서울 강북구; 11100=서울 도봉구; 11110=서울 노원구; 11120=서울 은평구; 11130=서울 서대문구; 11140=서울 마포구; 11150=서울 양천구; 11160=서울 강서구; 11170=서울 구로구; 11180=서울 금천구; 11190=서울 영등포구; 11200=서울 동작구; 11210=서울 관악구; 11220=서울 서초구; 11230=서울 강남구; 11240=서울 송파구; 11250=서울 강동구; 21010=부산 중구; 21020=부산 서구; 21030=부산 동구; 21040=부산 영도구; 21050=부산 부산진구; …=외 231개,O
177,Q11_4A5,문11-4. 지역 선택 이유,Q11. 당일형 방문기록 — 최대 15슬롯 (지역·횟수·동반·목적·소비),범주형(코드),95.1,8,"1=수려한 자연경관; 2=이동 및 교통의 편의성; 3=시설의 편리성, 쾌적성; 4=저렴한 여행경비; 5=다양한 볼거리, 즐길거리, 먹거리; 6=주변 관광지와의 연계성; 7=교육성(교육적 측면); 8=기타",O
178,Q11_4A5_ETC,문11-4. 지역 선택 이유_기타내용,Q11. 당일형 방문기록 — 최대 15슬롯 (지역·횟수·동반·목적·소비),자유응답,100.0,3,부모님결정 / 동호회 / 친목,O
179,Q11_5A5,문11-5. 당일 일정 횟수,Q11. 당일형 방문기록 — 최대 15슬롯 (지역·횟수·동반·목적·소비),수치형,95.1,8,범위 1~20,O
180,Q11_6A5,문11-6. 동반유형,Q11. 당일형 방문기록 — 최대 15슬롯 (지역·횟수·동반·목적·소비),범주형(코드),95.1,6,"1=혼자; 2=가족(부모, 배우자, 자녀, 형제); 3=친척; 4=친구/연인; 5=(직장)동료; 6=친목단체/모임(동호회, 종교단체 등); 7=학교 단체(소풍, 수학여행 등); 8=기타",O
181,Q11_6A5_ETC,문11-6. 동반유형_기타내용,Q11. 당일형 방문기록 — 최대 15슬롯 (지역·횟수·동반·목적·소비),삭제됨(전량결측),100.0,0,,O
182,Q11_7A5,문11-7. 방문목적,Q11. 당일형 방문기록 — 최대 15슬롯 (지역·횟수·동반·목적·소비),범주형(코드),95.1,7,"1=휴양 및 휴식을 취하기 위해; 2=건강 증진을 위해; 3=질병 치유를 위해; 4=교육, 학습을 위해; 5=취미 및 레포츠 활동을 위해; 6=친목 활동을 위해; 7=기타",O
183,Q11_7A5_ETC,문11-7. 방문목적_기타내용,Q11. 당일형 방문기록 — 최대 15슬롯 (지역·횟수·동반·목적·소비),자유응답,100.0,1,가족여행,O
184,Q11_8A5,문11-8. 1회 기준 1인 평균 소비금액,Q11. 당일형 방문기록 — 최대 15슬롯 (지역·횟수·동반·목적·소비),수치형,95.1,18,범위 0~25,O
185,Q11_2_1A6,문11-2-1. 당일형 산림휴양.복지활동 방문시기(시기),Q11. 당일형 방문기록 — 최대 15슬롯 (지역·횟수·동반·목적·소비),범주형(코드),97.8,11,1=1월; 2=2월; 3=3월; 4=4월; 5=5월; 6=6월; 7=7월; 8=8월; 9=9월; 10=10월; 11=11월; 12=12월,O
186,Q11_2_2A6,문11-2-2. 당일형 산림휴양.복지활동 방문시기(주간),Q11. 당일형 방문기록 — 최대 15슬롯 (지역·횟수·동반·목적·소비),범주형(코드),97.8,3,1=주중; 2=주말; 3=공휴일(휴가 포함),O
187,Q11_3A6,문11-3. 당일형 산림휴양.복지활동 방문지역,Q11. 당일형 방문기록 — 최대 15슬롯 (지역·횟수·동반·목적·소비),범주형(코드),97.8,101,11010=서울 종로구; 11020=서울 중구; 11030=서울 용산구; 11040=서울 성동구; 11050=서울 광진구; 11060=서울 동대문구; 11070=서울 중랑구; 11080=서울 성북구; 11090=서울 강북구; 11100=서울 도봉구; 11110=서울 노원구; 11120=서울 은평구; 11130=서울 서대문구; 11140=서울 마포구; 11150=서울 양천구; 11160=서울 강서구; 11170=서울 구로구; 11180=서울 금천구; 11190=서울 영등포구; 11200=서울 동작구; 11210=서울 관악구; 11220=서울 서초구; 11230=서울 강남구; 11240=서울 송파구; 11250=서울 강동구; 21010=부산 중구; 21020=부산 서구; 21030=부산 동구; 21040=부산 영도구; 21050=부산 부산진구; …=외 231개,O
188,Q11_4A6,문11-4. 지역 선택 이유,Q11. 당일형 방문기록 — 최대 15슬롯 (지역·횟수·동반·목적·소비),범주형(코드),97.8,8,"1=수려한 자연경관; 2=이동 및 교통의 편의성; 3=시설의 편리성, 쾌적성; 4=저렴한 여행경비; 5=다양한 볼거리, 즐길거리, 먹거리; 6=주변 관광지와의 연계성; 7=교육성(교육적 측면); 8=기타",O
189,Q11_4A6_ETC,문11-4. 지역 선택 이유_기타내용,Q11. 당일형 방문기록 — 최대 15슬롯 (지역·횟수·동반·목적·소비),자유응답,100.0,2,부모님결정 / 동호회,O
190,Q11_5A6,문11-5. 당일 일정 횟수,Q11. 당일형 방문기록 — 최대 15슬롯 (지역·횟수·동반·목적·소비),수치형,97.8,8,범위 1~18,O
191,Q11_6A6,문11-6. 동반유형,Q11. 당일형 방문기록 — 최대 15슬롯 (지역·횟수·동반·목적·소비),범주형(코드),97.8,5,"1=혼자; 2=가족(부모, 배우자, 자녀, 형제); 3=친척; 4=친구/연인; 5=(직장)동료; 6=친목단체/모임(동호회, 종교단체 등); 7=학교 단체(소풍, 수학여행 등); 8=기타",O
192,Q11_6A6_ETC,문11-6. 동반유형_기타내용,Q11. 당일형 방문기록 — 최대 15슬롯 (지역·횟수·동반·목적·소비),삭제됨(전량결측),100.0,0,,O
193,Q11_7A6,문11-7. 방문목적,Q11. 당일형 방문기록 — 최대 15슬롯 (지역·횟수·동반·목적·소비),범주형(코드),97.8,6,"1=휴양 및 휴식을 취하기 위해; 2=건강 증진을 위해; 3=질병 치유를 위해; 4=교육, 학습을 위해; 5=취미 및 레포츠 활동을 위해; 6=친목 활동을 위해; 7=기타",O
194,Q11_7A6_ETC,문11-7. 방문목적_기타내용,Q11. 당일형 방문기록 — 최대 15슬롯 (지역·횟수·동반·목적·소비),자유응답,100.0,1,가족여행,O
195,Q11_8A6,문11-8. 1회 기준 1인 평균 소비금액,Q11. 당일형 방문기록 — 최대 15슬롯 (지역·횟수·동반·목적·소비),수치형,97.8,13,범위 0~20,O
196,Q11_2_1A7,문11-2-1. 당일형 산림휴양.복지활동 방문시기(시기),Q11. 당일형 방문기록 — 최대 15슬롯 (지역·횟수·동반·목적·소비),범주형(코드),98.9,10,1=1월; 2=2월; 3=3월; 4=4월; 5=5월; 6=6월; 7=7월; 8=8월; 9=9월; 10=10월; 11=11월; 12=12월,O
197,Q11_2_2A7,문11-2-2. 당일형 산림휴양.복지활동 방문시기(주간),Q11. 당일형 방문기록 — 최대 15슬롯 (지역·횟수·동반·목적·소비),범주형(코드),98.9,3,1=주중; 2=주말; 3=공휴일(휴가 포함),O
198,Q11_3A7,문11-3. 당일형 산림휴양.복지활동 방문지역,Q11. 당일형 방문기록 — 최대 15슬롯 (지역·횟수·동반·목적·소비),범주형(코드),98.9,69,11010=서울 종로구; 11020=서울 중구; 11030=서울 용산구; 11040=서울 성동구; 11050=서울 광진구; 11060=서울 동대문구; 11070=서울 중랑구; 11080=서울 성북구; 11090=서울 강북구; 11100=서울 도봉구; 11110=서울 노원구; 11120=서울 은평구; 11130=서울 서대문구; 11140=서울 마포구; 11150=서울 양천구; 11160=서울 강서구; 11170=서울 구로구; 11180=서울 금천구; 11190=서울 영등포구; 11200=서울 동작구; 11210=서울 관악구; 11220=서울 서초구; 11230=서울 강남구; 11240=서울 송파구; 11250=서울 강동구; 21010=부산 중구; 21020=부산 서구; 21030=부산 동구; 21040=부산 영도구; 21050=부산 부산진구; …=외 231개,O
199,Q11_4A7,문11-4. 지역 선택 이유,Q11. 당일형 방문기록 — 최대 15슬롯 (지역·횟수·동반·목적·소비),범주형(코드),98.9,8,"1=수려한 자연경관; 2=이동 및 교통의 편의성; 3=시설의 편리성, 쾌적성; 4=저렴한 여행경비; 5=다양한 볼거리, 즐길거리, 먹거리; 6=주변 관광지와의 연계성; 7=교육성(교육적 측면); 8=기타",O
200,Q11_4A7_ETC,문11-4. 지역 선택 이유_기타내용,Q11. 당일형 방문기록 — 최대 15슬롯 (지역·횟수·동반·목적·소비),자유응답,100.0,1,동호회,O
201,Q11_5A7,문11-5. 당일 일정 횟수,Q11. 당일형 방문기록 — 최대 15슬롯 (지역·횟수·동반·목적·소비),수치형,98.9,7,범위 1~16,O
202,Q11_6A7,문11-6. 동반유형,Q11. 당일형 방문기록 — 최대 15슬롯 (지역·횟수·동반·목적·소비),범주형(코드),98.9,5,"1=혼자; 2=가족(부모, 배우자, 자녀, 형제); 3=친척; 4=친구/연인; 5=(직장)동료; 6=친목단체/모임(동호회, 종교단체 등); 7=학교 단체(소풍, 수학여행 등); 8=기타",O
203,Q11_6A7_ETC,문11-6. 동반유형_기타내용,Q11. 당일형 방문기록 — 최대 15슬롯 (지역·횟수·동반·목적·소비),삭제됨(전량결측),100.0,0,,O
204,Q11_7A7,문11-7. 방문목적,Q11. 당일형 방문기록 — 최대 15슬롯 (지역·횟수·동반·목적·소비),범주형(코드),98.9,5,"1=휴양 및 휴식을 취하기 위해; 2=건강 증진을 위해; 3=질병 치유를 위해; 4=교육, 학습을 위해; 5=취미 및 레포츠 활동을 위해; 6=친목 활동을 위해; 7=기타",O
205,Q11_7A7_ETC,문11-7. 방문목적_기타내용,Q11. 당일형 방문기록 — 최대 15슬롯 (지역·횟수·동반·목적·소비),삭제됨(전량결측),100.0,0,,O
206,Q11_8A7,문11-8. 1회 기준 1인 평균 소비금액,Q11. 당일형 방문기록 — 최대 15슬롯 (지역·횟수·동반·목적·소비),수치형,98.9,13,범위 0~15,O
207,Q11_2_1A8,문11-2-1. 당일형 산림휴양.복지활동 방문시기(시기),Q11. 당일형 방문기록 — 최대 15슬롯 (지역·횟수·동반·목적·소비),범주형(코드),99.2,7,1=1월; 2=2월; 3=3월; 4=4월; 5=5월; 6=6월; 7=7월; 8=8월; 9=9월; 10=10월; 11=11월; 12=12월,O
208,Q11_2_2A8,문11-2-2. 당일형 산림휴양.복지활동 방문시기(주간),Q11. 당일형 방문기록 — 최대 15슬롯 (지역·횟수·동반·목적·소비),범주형(코드),99.2,3,1=주중; 2=주말; 3=공휴일(휴가 포함),O
209,Q11_3A8,문11-3. 당일형 산림휴양.복지활동 방문지역,Q11. 당일형 방문기록 — 최대 15슬롯 (지역·횟수·동반·목적·소비),범주형(코드),99.2,49,11010=서울 종로구; 11020=서울 중구; 11030=서울 용산구; 11040=서울 성동구; 11050=서울 광진구; 11060=서울 동대문구; 11070=서울 중랑구; 11080=서울 성북구; 11090=서울 강북구; 11100=서울 도봉구; 11110=서울 노원구; 11120=서울 은평구; 11130=서울 서대문구; 11140=서울 마포구; 11150=서울 양천구; 11160=서울 강서구; 11170=서울 구로구; 11180=서울 금천구; 11190=서울 영등포구; 11200=서울 동작구; 11210=서울 관악구; 11220=서울 서초구; 11230=서울 강남구; 11240=서울 송파구; 11250=서울 강동구; 21010=부산 중구; 21020=부산 서구; 21030=부산 동구; 21040=부산 영도구; 21050=부산 부산진구; …=외 231개,O
210,Q11_4A8,문11-4. 지역 선택 이유,Q11. 당일형 방문기록 — 최대 15슬롯 (지역·횟수·동반·목적·소비),범주형(코드),99.2,7,"1=수려한 자연경관; 2=이동 및 교통의 편의성; 3=시설의 편리성, 쾌적성; 4=저렴한 여행경비; 5=다양한 볼거리, 즐길거리, 먹거리; 6=주변 관광지와의 연계성; 7=교육성(교육적 측면); 8=기타",O
211,Q11_4A8_ETC,문11-4. 지역 선택 이유_기타내용,Q11. 당일형 방문기록 — 최대 15슬롯 (지역·횟수·동반·목적·소비),자유응답,100.0,1,동호회,O
212,Q11_5A8,문11-5. 당일 일정 횟수,Q11. 당일형 방문기록 — 최대 15슬롯 (지역·횟수·동반·목적·소비),수치형,99.2,6,범위 1~25,O
213,Q11_6A8,문11-6. 동반유형,Q11. 당일형 방문기록 — 최대 15슬롯 (지역·횟수·동반·목적·소비),범주형(코드),99.2,6,"1=혼자; 2=가족(부모, 배우자, 자녀, 형제); 3=친척; 4=친구/연인; 5=(직장)동료; 6=친목단체/모임(동호회, 종교단체 등); 7=학교 단체(소풍, 수학여행 등); 8=기타",O
214,Q11_6A8_ETC,문11-6. 동반유형_기타내용,Q11. 당일형 방문기록 — 최대 15슬롯 (지역·횟수·동반·목적·소비),삭제됨(전량결측),100.0,0,,O
215,Q11_7A8,문11-7. 방문목적,Q11. 당일형 방문기록 — 최대 15슬롯 (지역·횟수·동반·목적·소비),범주형(코드),99.2,5,"1=휴양 및 휴식을 취하기 위해; 2=건강 증진을 위해; 3=질병 치유를 위해; 4=교육, 학습을 위해; 5=취미 및 레포츠 활동을 위해; 6=친목 활동을 위해; 7=기타",O
216,Q11_7A8_ETC,문11-7. 방문목적_기타내용,Q11. 당일형 방문기록 — 최대 15슬롯 (지역·횟수·동반·목적·소비),삭제됨(전량결측),100.0,0,,O
217,Q11_8A8,문11-8. 1회 기준 1인 평균 소비금액,Q11. 당일형 방문기록 — 최대 15슬롯 (지역·횟수·동반·목적·소비),수치형,99.2,11,범위 0~15,O
218,Q11_2_1A9,문11-2-1. 당일형 산림휴양.복지활동 방문시기(시기),Q11. 당일형 방문기록 — 최대 15슬롯 (지역·횟수·동반·목적·소비),범주형(코드),99.6,7,1=1월; 2=2월; 3=3월; 4=4월; 5=5월; 6=6월; 7=7월; 8=8월; 9=9월; 10=10월; 11=11월; 12=12월,O
219,Q11_2_2A9,문11-2-2. 당일형 산림휴양.복지활동 방문시기(주간),Q11. 당일형 방문기록 — 최대 15슬롯 (지역·횟수·동반·목적·소비),범주형(코드),99.6,3,1=주중; 2=주말; 3=공휴일(휴가 포함),O
220,Q11_3A9,문11-3. 당일형 산림휴양.복지활동 방문지역,Q11. 당일형 방문기록 — 최대 15슬롯 (지역·횟수·동반·목적·소비),범주형(코드),99.6,30,11010=서울 종로구; 11020=서울 중구; 11030=서울 용산구; 11040=서울 성동구; 11050=서울 광진구; 11060=서울 동대문구; 11070=서울 중랑구; 11080=서울 성북구; 11090=서울 강북구; 11100=서울 도봉구; 11110=서울 노원구; 11120=서울 은평구; 11130=서울 서대문구; 11140=서울 마포구; 11150=서울 양천구; 11160=서울 강서구; 11170=서울 구로구; 11180=서울 금천구; 11190=서울 영등포구; 11200=서울 동작구; 11210=서울 관악구; 11220=서울 서초구; 11230=서울 강남구; 11240=서울 송파구; 11250=서울 강동구; 21010=부산 중구; 21020=부산 서구; 21030=부산 동구; 21040=부산 영도구; 21050=부산 부산진구; …=외 231개,O
221,Q11_4A9,문11-4. 지역 선택 이유,Q11. 당일형 방문기록 — 최대 15슬롯 (지역·횟수·동반·목적·소비),범주형(코드),99.6,7,"1=수려한 자연경관; 2=이동 및 교통의 편의성; 3=시설의 편리성, 쾌적성; 4=저렴한 여행경비; 5=다양한 볼거리, 즐길거리, 먹거리; 6=주변 관광지와의 연계성; 7=교육성(교육적 측면); 8=기타",O
222,Q11_4A9_ETC,문11-4. 지역 선택 이유_기타내용,Q11. 당일형 방문기록 — 최대 15슬롯 (지역·횟수·동반·목적·소비),자유응답,100.0,1,동호회,O
223,Q11_5A9,문11-5. 당일 일정 횟수,Q11. 당일형 방문기록 — 최대 15슬롯 (지역·횟수·동반·목적·소비),수치형,99.6,6,범위 1~20,O
224,Q11_6A9,문11-6. 동반유형,Q11. 당일형 방문기록 — 최대 15슬롯 (지역·횟수·동반·목적·소비),범주형(코드),99.6,4,"1=혼자; 2=가족(부모, 배우자, 자녀, 형제); 3=친척; 4=친구/연인; 5=(직장)동료; 6=친목단체/모임(동호회, 종교단체 등); 7=학교 단체(소풍, 수학여행 등); 8=기타",O
225,Q11_6A9_ETC,문11-6. 동반유형_기타내용,Q11. 당일형 방문기록 — 최대 15슬롯 (지역·횟수·동반·목적·소비),삭제됨(전량결측),100.0,0,,O
226,Q11_7A9,문11-7. 방문목적,Q11. 당일형 방문기록 — 최대 15슬롯 (지역·횟수·동반·목적·소비),범주형(코드),99.6,4,"1=휴양 및 휴식을 취하기 위해; 2=건강 증진을 위해; 3=질병 치유를 위해; 4=교육, 학습을 위해; 5=취미 및 레포츠 활동을 위해; 6=친목 활동을 위해; 7=기타",O
227,Q11_7A9_ETC,문11-7. 방문목적_기타내용,Q11. 당일형 방문기록 — 최대 15슬롯 (지역·횟수·동반·목적·소비),삭제됨(전량결측),100.0,0,,O
228,Q11_8A9,문11-8. 1회 기준 1인 평균 소비금액,Q11. 당일형 방문기록 — 최대 15슬롯 (지역·횟수·동반·목적·소비),수치형,99.6,11,범위 0~13,O
229,Q11_2_1A10,문11-2-1. 당일형 산림휴양.복지활동 방문시기(시기),Q11. 당일형 방문기록 — 최대 15슬롯 (지역·횟수·동반·목적·소비),범주형(코드),99.7,6,1=1월; 2=2월; 3=3월; 4=4월; 5=5월; 6=6월; 7=7월; 8=8월; 9=9월; 10=10월; 11=11월; 12=12월,O
230,Q11_2_2A10,문11-2-2. 당일형 산림휴양.복지활동 방문시기(주간),Q11. 당일형 방문기록 — 최대 15슬롯 (지역·횟수·동반·목적·소비),범주형(코드),99.7,2,1=주중; 2=주말; 3=공휴일(휴가 포함),O
231,Q11_3A10,문11-3. 당일형 산림휴양.복지활동 방문지역,Q11. 당일형 방문기록 — 최대 15슬롯 (지역·횟수·동반·목적·소비),범주형(코드),99.7,25,11010=서울 종로구; 11020=서울 중구; 11030=서울 용산구; 11040=서울 성동구; 11050=서울 광진구; 11060=서울 동대문구; 11070=서울 중랑구; 11080=서울 성북구; 11090=서울 강북구; 11100=서울 도봉구; 11110=서울 노원구; 11120=서울 은평구; 11130=서울 서대문구; 11140=서울 마포구; 11150=서울 양천구; 11160=서울 강서구; 11170=서울 구로구; 11180=서울 금천구; 11190=서울 영등포구; 11200=서울 동작구; 11210=서울 관악구; 11220=서울 서초구; 11230=서울 강남구; 11240=서울 송파구; 11250=서울 강동구; 21010=부산 중구; 21020=부산 서구; 21030=부산 동구; 21040=부산 영도구; 21050=부산 부산진구; …=외 231개,O
232,Q11_4A10,문11-4. 지역 선택 이유,Q11. 당일형 방문기록 — 최대 15슬롯 (지역·횟수·동반·목적·소비),범주형(코드),99.7,6,"1=수려한 자연경관; 2=이동 및 교통의 편의성; 3=시설의 편리성, 쾌적성; 4=저렴한 여행경비; 5=다양한 볼거리, 즐길거리, 먹거리; 6=주변 관광지와의 연계성; 7=교육성(교육적 측면); 8=기타",O
233,Q11_4A10_ETC,문11-4. 지역 선택 이유_기타내용,Q11. 당일형 방문기록 — 최대 15슬롯 (지역·횟수·동반·목적·소비),자유응답,100.0,1,동호회,O
234,Q11_5A10,문11-5. 당일 일정 횟수,Q11. 당일형 방문기록 — 최대 15슬롯 (지역·횟수·동반·목적·소비),수치형,99.7,6,범위 1~27,O
235,Q11_6A10,문11-6. 동반유형,Q11. 당일형 방문기록 — 최대 15슬롯 (지역·횟수·동반·목적·소비),범주형(코드),99.7,4,"1=혼자; 2=가족(부모, 배우자, 자녀, 형제); 3=친척; 4=친구/연인; 5=(직장)동료; 6=친목단체/모임(동호회, 종교단체 등); 7=학교 단체(소풍, 수학여행 등); 8=기타",O
236,Q11_6A10_ETC,문11-6. 동반유형_기타내용,Q11. 당일형 방문기록 — 최대 15슬롯 (지역·횟수·동반·목적·소비),삭제됨(전량결측),100.0,0,,O
237,Q11_7A10,문11-7. 방문목적,Q11. 당일형 방문기록 — 최대 15슬롯 (지역·횟수·동반·목적·소비),범주형(코드),99.7,4,"1=휴양 및 휴식을 취하기 위해; 2=건강 증진을 위해; 3=질병 치유를 위해; 4=교육, 학습을 위해; 5=취미 및 레포츠 활동을 위해; 6=친목 활동을 위해; 7=기타",O
238,Q11_7A10_ETC,문11-7. 방문목적_기타내용,Q11. 당일형 방문기록 — 최대 15슬롯 (지역·횟수·동반·목적·소비),삭제됨(전량결측),100.0,0,,O
239,Q11_8A10,문11-8. 1회 기준 1인 평균 소비금액,Q11. 당일형 방문기록 — 최대 15슬롯 (지역·횟수·동반·목적·소비),수치형,99.7,8,범위 0~20,O
240,Q11_2_1A11,문11-2-1. 당일형 산림휴양.복지활동 방문시기(시기),Q11. 당일형 방문기록 — 최대 15슬롯 (지역·횟수·동반·목적·소비),범주형(코드),99.8,4,1=1월; 2=2월; 3=3월; 4=4월; 5=5월; 6=6월; 7=7월; 8=8월; 9=9월; 10=10월; 11=11월; 12=12월,O
241,Q11_2_2A11,문11-2-2. 당일형 산림휴양.복지활동 방문시기(주간),Q11. 당일형 방문기록 — 최대 15슬롯 (지역·횟수·동반·목적·소비),범주형(코드),99.8,2,1=주중; 2=주말; 3=공휴일(휴가 포함),O
242,Q11_3A11,문11-3. 당일형 산림휴양.복지활동 방문지역,Q11. 당일형 방문기록 — 최대 15슬롯 (지역·횟수·동반·목적·소비),범주형(코드),99.8,16,11010=서울 종로구; 11020=서울 중구; 11030=서울 용산구; 11040=서울 성동구; 11050=서울 광진구; 11060=서울 동대문구; 11070=서울 중랑구; 11080=서울 성북구; 11090=서울 강북구; 11100=서울 도봉구; 11110=서울 노원구; 11120=서울 은평구; 11130=서울 서대문구; 11140=서울 마포구; 11150=서울 양천구; 11160=서울 강서구; 11170=서울 구로구; 11180=서울 금천구; 11190=서울 영등포구; 11200=서울 동작구; 11210=서울 관악구; 11220=서울 서초구; 11230=서울 강남구; 11240=서울 송파구; 11250=서울 강동구; 21010=부산 중구; 21020=부산 서구; 21030=부산 동구; 21040=부산 영도구; 21050=부산 부산진구; …=외 231개,O
243,Q11_4A11,문11-4. 지역 선택 이유,Q11. 당일형 방문기록 — 최대 15슬롯 (지역·횟수·동반·목적·소비),범주형(코드),99.8,3,"1=수려한 자연경관; 2=이동 및 교통의 편의성; 3=시설의 편리성, 쾌적성; 4=저렴한 여행경비; 5=다양한 볼거리, 즐길거리, 먹거리; 6=주변 관광지와의 연계성; 7=교육성(교육적 측면); 8=기타",O
244,Q11_4A11_ETC,문11-4. 지역 선택 이유_기타내용,Q11. 당일형 방문기록 — 최대 15슬롯 (지역·횟수·동반·목적·소비),삭제됨(전량결측),100.0,0,,O
245,Q11_5A11,문11-5. 당일 일정 횟수,Q11. 당일형 방문기록 — 최대 15슬롯 (지역·횟수·동반·목적·소비),수치형,99.8,4,범위 1~20,O
246,Q11_6A11,문11-6. 동반유형,Q11. 당일형 방문기록 — 최대 15슬롯 (지역·횟수·동반·목적·소비),범주형(코드),99.8,4,"1=혼자; 2=가족(부모, 배우자, 자녀, 형제); 3=친척; 4=친구/연인; 5=(직장)동료; 6=친목단체/모임(동호회, 종교단체 등); 7=학교 단체(소풍, 수학여행 등); 8=기타",O
247,Q11_6A11_ETC,문11-6. 동반유형_기타내용,Q11. 당일형 방문기록 — 최대 15슬롯 (지역·횟수·동반·목적·소비),삭제됨(전량결측),100.0,0,,O
248,Q11_7A11,문11-7. 방문목적,Q11. 당일형 방문기록 — 최대 15슬롯 (지역·횟수·동반·목적·소비),범주형(코드),99.8,4,"1=휴양 및 휴식을 취하기 위해; 2=건강 증진을 위해; 3=질병 치유를 위해; 4=교육, 학습을 위해; 5=취미 및 레포츠 활동을 위해; 6=친목 활동을 위해; 7=기타",O
249,Q11_7A11_ETC,문11-7. 방문목적_기타내용,Q11. 당일형 방문기록 — 최대 15슬롯 (지역·횟수·동반·목적·소비),삭제됨(전량결측),100.0,0,,O
250,Q11_8A11,문11-8. 1회 기준 1인 평균 소비금액,Q11. 당일형 방문기록 — 최대 15슬롯 (지역·횟수·동반·목적·소비),수치형,99.8,8,범위 0~8,O
251,Q11_2_1A12,문11-2-1. 당일형 산림휴양.복지활동 방문시기(시기),Q11. 당일형 방문기록 — 최대 15슬롯 (지역·횟수·동반·목적·소비),범주형(코드),99.9,3,1=1월; 2=2월; 3=3월; 4=4월; 5=5월; 6=6월; 7=7월; 8=8월; 9=9월; 10=10월; 11=11월; 12=12월,O
252,Q11_2_2A12,문11-2-2. 당일형 산림휴양.복지활동 방문시기(주간),Q11. 당일형 방문기록 — 최대 15슬롯 (지역·횟수·동반·목적·소비),범주형(코드),99.9,2,1=주중; 2=주말; 3=공휴일(휴가 포함),O
253,Q11_3A12,문11-3. 당일형 산림휴양.복지활동 방문지역,Q11. 당일형 방문기록 — 최대 15슬롯 (지역·횟수·동반·목적·소비),범주형(코드),99.9,10,11010=서울 종로구; 11020=서울 중구; 11030=서울 용산구; 11040=서울 성동구; 11050=서울 광진구; 11060=서울 동대문구; 11070=서울 중랑구; 11080=서울 성북구; 11090=서울 강북구; 11100=서울 도봉구; 11110=서울 노원구; 11120=서울 은평구; 11130=서울 서대문구; 11140=서울 마포구; 11150=서울 양천구; 11160=서울 강서구; 11170=서울 구로구; 11180=서울 금천구; 11190=서울 영등포구; 11200=서울 동작구; 11210=서울 관악구; 11220=서울 서초구; 11230=서울 강남구; 11240=서울 송파구; 11250=서울 강동구; 21010=부산 중구; 21020=부산 서구; 21030=부산 동구; 21040=부산 영도구; 21050=부산 부산진구; …=외 231개,O
254,Q11_4A12,문11-4. 지역 선택 이유,Q11. 당일형 방문기록 — 최대 15슬롯 (지역·횟수·동반·목적·소비),범주형(코드),99.9,2,"1=수려한 자연경관; 2=이동 및 교통의 편의성; 3=시설의 편리성, 쾌적성; 4=저렴한 여행경비; 5=다양한 볼거리, 즐길거리, 먹거리; 6=주변 관광지와의 연계성; 7=교육성(교육적 측면); 8=기타",O
255,Q11_4A12_ETC,문11-4. 지역 선택 이유_기타내용,Q11. 당일형 방문기록 — 최대 15슬롯 (지역·횟수·동반·목적·소비),삭제됨(전량결측),100.0,0,,O
256,Q11_5A12,문11-5. 당일 일정 횟수,Q11. 당일형 방문기록 — 최대 15슬롯 (지역·횟수·동반·목적·소비),수치형,99.9,4,범위 1~20,O
257,Q11_6A12,문11-6. 동반유형,Q11. 당일형 방문기록 — 최대 15슬롯 (지역·횟수·동반·목적·소비),범주형(코드),99.9,4,"1=혼자; 2=가족(부모, 배우자, 자녀, 형제); 3=친척; 4=친구/연인; 5=(직장)동료; 6=친목단체/모임(동호회, 종교단체 등); 7=학교 단체(소풍, 수학여행 등); 8=기타",O
258,Q11_6A12_ETC,문11-6. 동반유형_기타내용,Q11. 당일형 방문기록 — 최대 15슬롯 (지역·횟수·동반·목적·소비),삭제됨(전량결측),100.0,0,,O
259,Q11_7A12,문11-7. 방문목적,Q11. 당일형 방문기록 — 최대 15슬롯 (지역·횟수·동반·목적·소비),범주형(코드),99.9,3,"1=휴양 및 휴식을 취하기 위해; 2=건강 증진을 위해; 3=질병 치유를 위해; 4=교육, 학습을 위해; 5=취미 및 레포츠 활동을 위해; 6=친목 활동을 위해; 7=기타",O
260,Q11_7A12_ETC,문11-7. 방문목적_기타내용,Q11. 당일형 방문기록 — 최대 15슬롯 (지역·횟수·동반·목적·소비),삭제됨(전량결측),100.0,0,,O
261,Q11_8A12,문11-8. 1회 기준 1인 평균 소비금액,Q11. 당일형 방문기록 — 최대 15슬롯 (지역·횟수·동반·목적·소비),수치형,99.9,7,범위 0~8,O
262,Q11_2_1A13,문11-2-1. 당일형 산림휴양.복지활동 방문시기(시기),Q11. 당일형 방문기록 — 최대 15슬롯 (지역·횟수·동반·목적·소비),범주형(코드),99.9,4,1=1월; 2=2월; 3=3월; 4=4월; 5=5월; 6=6월; 7=7월; 8=8월; 9=9월; 10=10월; 11=11월; 12=12월,O
263,Q11_2_2A13,문11-2-2. 당일형 산림휴양.복지활동 방문시기(주간),Q11. 당일형 방문기록 — 최대 15슬롯 (지역·횟수·동반·목적·소비),범주형(코드),99.9,2,1=주중; 2=주말; 3=공휴일(휴가 포함),O
264,Q11_3A13,문11-3. 당일형 산림휴양.복지활동 방문지역,Q11. 당일형 방문기록 — 최대 15슬롯 (지역·횟수·동반·목적·소비),범주형(코드),99.9,6,11010=서울 종로구; 11020=서울 중구; 11030=서울 용산구; 11040=서울 성동구; 11050=서울 광진구; 11060=서울 동대문구; 11070=서울 중랑구; 11080=서울 성북구; 11090=서울 강북구; 11100=서울 도봉구; 11110=서울 노원구; 11120=서울 은평구; 11130=서울 서대문구; 11140=서울 마포구; 11150=서울 양천구; 11160=서울 강서구; 11170=서울 구로구; 11180=서울 금천구; 11190=서울 영등포구; 11200=서울 동작구; 11210=서울 관악구; 11220=서울 서초구; 11230=서울 강남구; 11240=서울 송파구; 11250=서울 강동구; 21010=부산 중구; 21020=부산 서구; 21030=부산 동구; 21040=부산 영도구; 21050=부산 부산진구; …=외 231개,O
265,Q11_4A13,문11-4. 지역 선택 이유,Q11. 당일형 방문기록 — 최대 15슬롯 (지역·횟수·동반·목적·소비),범주형(코드),99.9,3,"1=수려한 자연경관; 2=이동 및 교통의 편의성; 3=시설의 편리성, 쾌적성; 4=저렴한 여행경비; 5=다양한 볼거리, 즐길거리, 먹거리; 6=주변 관광지와의 연계성; 7=교육성(교육적 측면); 8=기타",O
266,Q11_4A13_ETC,문11-4. 지역 선택 이유_기타내용,Q11. 당일형 방문기록 — 최대 15슬롯 (지역·횟수·동반·목적·소비),삭제됨(전량결측),100.0,0,,O
267,Q11_5A13,문11-5. 당일 일정 횟수,Q11. 당일형 방문기록 — 최대 15슬롯 (지역·횟수·동반·목적·소비),수치형,99.9,2,범위 1~2,O
268,Q11_6A13,문11-6. 동반유형,Q11. 당일형 방문기록 — 최대 15슬롯 (지역·횟수·동반·목적·소비),범주형(코드),99.9,3,"1=혼자; 2=가족(부모, 배우자, 자녀, 형제); 3=친척; 4=친구/연인; 5=(직장)동료; 6=친목단체/모임(동호회, 종교단체 등); 7=학교 단체(소풍, 수학여행 등); 8=기타",O
269,Q11_6A13_ETC,문11-6. 동반유형_기타내용,Q11. 당일형 방문기록 — 최대 15슬롯 (지역·횟수·동반·목적·소비),삭제됨(전량결측),100.0,0,,O
270,Q11_7A13,문11-7. 방문목적,Q11. 당일형 방문기록 — 최대 15슬롯 (지역·횟수·동반·목적·소비),범주형(코드),99.9,3,"1=휴양 및 휴식을 취하기 위해; 2=건강 증진을 위해; 3=질병 치유를 위해; 4=교육, 학습을 위해; 5=취미 및 레포츠 활동을 위해; 6=친목 활동을 위해; 7=기타",O
271,Q11_7A13_ETC,문11-7. 방문목적_기타내용,Q11. 당일형 방문기록 — 최대 15슬롯 (지역·횟수·동반·목적·소비),삭제됨(전량결측),100.0,0,,O
272,Q11_8A13,문11-8. 1회 기준 1인 평균 소비금액,Q11. 당일형 방문기록 — 최대 15슬롯 (지역·횟수·동반·목적·소비),수치형,99.9,4,범위 0~13,O
273,Q11_2_1A14,문11-2-1. 당일형 산림휴양.복지활동 방문시기(시기),Q11. 당일형 방문기록 — 최대 15슬롯 (지역·횟수·동반·목적·소비),범주형(코드),100.0,2,1=1월; 2=2월; 3=3월; 4=4월; 5=5월; 6=6월; 7=7월; 8=8월; 9=9월; 10=10월; 11=11월; 12=12월,O
274,Q11_2_2A14,문11-2-2. 당일형 산림휴양.복지활동 방문시기(주간),Q11. 당일형 방문기록 — 최대 15슬롯 (지역·횟수·동반·목적·소비),범주형(코드),100.0,2,1=주중; 2=주말; 3=공휴일(휴가 포함),O
275,Q11_3A14,문11-3. 당일형 산림휴양.복지활동 방문지역,Q11. 당일형 방문기록 — 최대 15슬롯 (지역·횟수·동반·목적·소비),범주형(코드),100.0,3,11010=서울 종로구; 11020=서울 중구; 11030=서울 용산구; 11040=서울 성동구; 11050=서울 광진구; 11060=서울 동대문구; 11070=서울 중랑구; 11080=서울 성북구; 11090=서울 강북구; 11100=서울 도봉구; 11110=서울 노원구; 11120=서울 은평구; 11130=서울 서대문구; 11140=서울 마포구; 11150=서울 양천구; 11160=서울 강서구; 11170=서울 구로구; 11180=서울 금천구; 11190=서울 영등포구; 11200=서울 동작구; 11210=서울 관악구; 11220=서울 서초구; 11230=서울 강남구; 11240=서울 송파구; 11250=서울 강동구; 21010=부산 중구; 21020=부산 서구; 21030=부산 동구; 21040=부산 영도구; 21050=부산 부산진구; …=외 231개,O
276,Q11_4A14,문11-4. 지역 선택 이유,Q11. 당일형 방문기록 — 최대 15슬롯 (지역·횟수·동반·목적·소비),범주형(코드),100.0,1,"1=수려한 자연경관; 2=이동 및 교통의 편의성; 3=시설의 편리성, 쾌적성; 4=저렴한 여행경비; 5=다양한 볼거리, 즐길거리, 먹거리; 6=주변 관광지와의 연계성; 7=교육성(교육적 측면); 8=기타",O
277,Q11_4A14_ETC,문11-4. 지역 선택 이유_기타내용,Q11. 당일형 방문기록 — 최대 15슬롯 (지역·횟수·동반·목적·소비),삭제됨(전량결측),100.0,0,,O
278,Q11_5A14,문11-5. 당일 일정 횟수,Q11. 당일형 방문기록 — 최대 15슬롯 (지역·횟수·동반·목적·소비),수치형,100.0,1,범위 1~1,O
279,Q11_6A14,문11-6. 동반유형,Q11. 당일형 방문기록 — 최대 15슬롯 (지역·횟수·동반·목적·소비),범주형(코드),100.0,3,"1=혼자; 2=가족(부모, 배우자, 자녀, 형제); 3=친척; 4=친구/연인; 5=(직장)동료; 6=친목단체/모임(동호회, 종교단체 등); 7=학교 단체(소풍, 수학여행 등); 8=기타",O
280,Q11_6A14_ETC,문11-6. 동반유형_기타내용,Q11. 당일형 방문기록 — 최대 15슬롯 (지역·횟수·동반·목적·소비),삭제됨(전량결측),100.0,0,,O
281,Q11_7A14,문11-7. 방문목적,Q11. 당일형 방문기록 — 최대 15슬롯 (지역·횟수·동반·목적·소비),범주형(코드),100.0,2,"1=휴양 및 휴식을 취하기 위해; 2=건강 증진을 위해; 3=질병 치유를 위해; 4=교육, 학습을 위해; 5=취미 및 레포츠 활동을 위해; 6=친목 활동을 위해; 7=기타",O
282,Q11_7A14_ETC,문11-7. 방문목적_기타내용,Q11. 당일형 방문기록 — 최대 15슬롯 (지역·횟수·동반·목적·소비),삭제됨(전량결측),100.0,0,,O
283,Q11_8A14,문11-8. 1회 기준 1인 평균 소비금액,Q11. 당일형 방문기록 — 최대 15슬롯 (지역·횟수·동반·목적·소비),수치형,100.0,3,범위 0~3,O
284,Q11_2_1A15,문11-2-1. 당일형 산림휴양.복지활동 방문시기(시기),Q11. 당일형 방문기록 — 최대 15슬롯 (지역·횟수·동반·목적·소비),범주형(코드),100.0,1,1=1월; 2=2월; 3=3월; 4=4월; 5=5월; 6=6월; 7=7월; 8=8월; 9=9월; 10=10월; 11=11월; 12=12월,O
285,Q11_2_2A15,문11-2-2. 당일형 산림휴양.복지활동 방문시기(주간),Q11. 당일형 방문기록 — 최대 15슬롯 (지역·횟수·동반·목적·소비),범주형(코드),100.0,1,1=주중; 2=주말; 3=공휴일(휴가 포함),O
286,Q11_3A15,문11-3. 당일형 산림휴양.복지활동 방문지역,Q11. 당일형 방문기록 — 최대 15슬롯 (지역·횟수·동반·목적·소비),범주형(코드),100.0,1,11010=서울 종로구; 11020=서울 중구; 11030=서울 용산구; 11040=서울 성동구; 11050=서울 광진구; 11060=서울 동대문구; 11070=서울 중랑구; 11080=서울 성북구; 11090=서울 강북구; 11100=서울 도봉구; 11110=서울 노원구; 11120=서울 은평구; 11130=서울 서대문구; 11140=서울 마포구; 11150=서울 양천구; 11160=서울 강서구; 11170=서울 구로구; 11180=서울 금천구; 11190=서울 영등포구; 11200=서울 동작구; 11210=서울 관악구; 11220=서울 서초구; 11230=서울 강남구; 11240=서울 송파구; 11250=서울 강동구; 21010=부산 중구; 21020=부산 서구; 21030=부산 동구; 21040=부산 영도구; 21050=부산 부산진구; …=외 231개,O
287,Q11_4A15,문11-4. 지역 선택 이유,Q11. 당일형 방문기록 — 최대 15슬롯 (지역·횟수·동반·목적·소비),범주형(코드),100.0,1,"1=수려한 자연경관; 2=이동 및 교통의 편의성; 3=시설의 편리성, 쾌적성; 4=저렴한 여행경비; 5=다양한 볼거리, 즐길거리, 먹거리; 6=주변 관광지와의 연계성; 7=교육성(교육적 측면); 8=기타",O
288,Q11_4A15_ETC,문11-4. 지역 선택 이유_기타내용,Q11. 당일형 방문기록 — 최대 15슬롯 (지역·횟수·동반·목적·소비),삭제됨(전량결측),100.0,0,,O
289,Q11_5A15,문11-5. 당일 일정 횟수,Q11. 당일형 방문기록 — 최대 15슬롯 (지역·횟수·동반·목적·소비),수치형,100.0,1,범위 1~1,O
290,Q11_6A15,문11-6. 동반유형,Q11. 당일형 방문기록 — 최대 15슬롯 (지역·횟수·동반·목적·소비),범주형(코드),100.0,1,"1=혼자; 2=가족(부모, 배우자, 자녀, 형제); 3=친척; 4=친구/연인; 5=(직장)동료; 6=친목단체/모임(동호회, 종교단체 등); 7=학교 단체(소풍, 수학여행 등); 8=기타",O
291,Q11_6A15_ETC,문11-6. 동반유형_기타내용,Q11. 당일형 방문기록 — 최대 15슬롯 (지역·횟수·동반·목적·소비),삭제됨(전량결측),100.0,0,,O
292,Q11_7A15,문11-7. 방문목적,Q11. 당일형 방문기록 — 최대 15슬롯 (지역·횟수·동반·목적·소비),범주형(코드),100.0,1,"1=휴양 및 휴식을 취하기 위해; 2=건강 증진을 위해; 3=질병 치유를 위해; 4=교육, 학습을 위해; 5=취미 및 레포츠 활동을 위해; 6=친목 활동을 위해; 7=기타",O
293,Q11_7A15_ETC,문11-7. 방문목적_기타내용,Q11. 당일형 방문기록 — 최대 15슬롯 (지역·횟수·동반·목적·소비),삭제됨(전량결측),100.0,0,,O
294,Q11_8A15,문11-8. 1회 기준 1인 평균 소비금액,Q11. 당일형 방문기록 — 최대 15슬롯 (지역·횟수·동반·목적·소비),수치형,100.0,1,범위 0~0,O
295,Q12A1,문12-1. 숙박형 산림휴양.복지활동 참여활동,Q12. 숙박형 방문기록 — 최대 15슬롯 (지역·박수·동반·목적·소비),범주형(코드),70.3,25,"1=등산; 2=하이킹(산책); 3=트레킹; 4=오리엔티어링, 지오캐싱; 5=소풍(피크닉); 6=야영(캠핑); 7=백패킹(배낭도보여행); 8=동식물 관찰 및 학습; 9=자연풍경감상; 10=명소탐방; 11=산나물 등 임산물 수확체험; 12=나무심기, 숲가꾸기 작업체험; 13=산림체조; 14=산림욕; 15=목재공작(목공예); 16=숲속생활 체험; 17=산악마라톤; 18=산악스키(스노슈잉 포함); 19=산악자전거 타기; 20=행글라이딩 및 패러글라이딩; 21=래프팅, 계곡물놀이 등 수상활동; 22=산악승마; 23=동굴탐험, 계곡탐험; 24=암벽 및 빙벽타기; 25=숲속 족욕 및 스파; 26=숲속 문화공연 체험 .관람; 27=로프체험(짚라인 등); 28=별 관찰; 29=기타",O
296,Q12A2,문12-1. 숙박형 산림휴양.복지활동 참여활동,Q12. 숙박형 방문기록 — 최대 15슬롯 (지역·박수·동반·목적·소비),범주형(코드),83.6,26,"1=등산; 2=하이킹(산책); 3=트레킹; 4=오리엔티어링, 지오캐싱; 5=소풍(피크닉); 6=야영(캠핑); 7=백패킹(배낭도보여행); 8=동식물 관찰 및 학습; 9=자연풍경감상; 10=명소탐방; 11=산나물 등 임산물 수확체험; 12=나무심기, 숲가꾸기 작업체험; 13=산림체조; 14=산림욕; 15=목재공작(목공예); 16=숲속생활 체험; 17=산악마라톤; 18=산악스키(스노슈잉 포함); 19=산악자전거 타기; 20=행글라이딩 및 패러글라이딩; 21=래프팅, 계곡물놀이 등 수상활동; 22=산악승마; 23=동굴탐험, 계곡탐험; 24=암벽 및 빙벽타기; 25=숲속 족욕 및 스파; 26=숲속 문화공연 체험 .관람; 27=로프체험(짚라인 등); 28=별 관찰; 29=기타",O
297,Q12A3,문12-1. 숙박형 산림휴양.복지활동 참여활동,Q12. 숙박형 방문기록 — 최대 15슬롯 (지역·박수·동반·목적·소비),범주형(코드),93.0,23,"1=등산; 2=하이킹(산책); 3=트레킹; 4=오리엔티어링, 지오캐싱; 5=소풍(피크닉); 6=야영(캠핑); 7=백패킹(배낭도보여행); 8=동식물 관찰 및 학습; 9=자연풍경감상; 10=명소탐방; 11=산나물 등 임산물 수확체험; 12=나무심기, 숲가꾸기 작업체험; 13=산림체조; 14=산림욕; 15=목재공작(목공예); 16=숲속생활 체험; 17=산악마라톤; 18=산악스키(스노슈잉 포함); 19=산악자전거 타기; 20=행글라이딩 및 패러글라이딩; 21=래프팅, 계곡물놀이 등 수상활동; 22=산악승마; 23=동굴탐험, 계곡탐험; 24=암벽 및 빙벽타기; 25=숲속 족욕 및 스파; 26=숲속 문화공연 체험 .관람; 27=로프체험(짚라인 등); 28=별 관찰; 29=기타",O
298,Q12A4,문12-1. 숙박형 산림휴양.복지활동 참여활동,Q12. 숙박형 방문기록 — 최대 15슬롯 (지역·박수·동반·목적·소비),범주형(코드),97.5,18,"1=등산; 2=하이킹(산책); 3=트레킹; 4=오리엔티어링, 지오캐싱; 5=소풍(피크닉); 6=야영(캠핑); 7=백패킹(배낭도보여행); 8=동식물 관찰 및 학습; 9=자연풍경감상; 10=명소탐방; 11=산나물 등 임산물 수확체험; 12=나무심기, 숲가꾸기 작업체험; 13=산림체조; 14=산림욕; 15=목재공작(목공예); 16=숲속생활 체험; 17=산악마라톤; 18=산악스키(스노슈잉 포함); 19=산악자전거 타기; 20=행글라이딩 및 패러글라이딩; 21=래프팅, 계곡물놀이 등 수상활동; 22=산악승마; 23=동굴탐험, 계곡탐험; 24=암벽 및 빙벽타기; 25=숲속 족욕 및 스파; 26=숲속 문화공연 체험 .관람; 27=로프체험(짚라인 등); 28=별 관찰; 29=기타",O
299,Q12A5,문12-1. 숙박형 산림휴양.복지활동 참여활동,Q12. 숙박형 방문기록 — 최대 15슬롯 (지역·박수·동반·목적·소비),범주형(코드),99.1,16,"1=등산; 2=하이킹(산책); 3=트레킹; 4=오리엔티어링, 지오캐싱; 5=소풍(피크닉); 6=야영(캠핑); 7=백패킹(배낭도보여행); 8=동식물 관찰 및 학습; 9=자연풍경감상; 10=명소탐방; 11=산나물 등 임산물 수확체험; 12=나무심기, 숲가꾸기 작업체험; 13=산림체조; 14=산림욕; 15=목재공작(목공예); 16=숲속생활 체험; 17=산악마라톤; 18=산악스키(스노슈잉 포함); 19=산악자전거 타기; 20=행글라이딩 및 패러글라이딩; 21=래프팅, 계곡물놀이 등 수상활동; 22=산악승마; 23=동굴탐험, 계곡탐험; 24=암벽 및 빙벽타기; 25=숲속 족욕 및 스파; 26=숲속 문화공연 체험 .관람; 27=로프체험(짚라인 등); 28=별 관찰; 29=기타",O
300,Q12A6,문12-1. 숙박형 산림휴양.복지활동 참여활동,Q12. 숙박형 방문기록 — 최대 15슬롯 (지역·박수·동반·목적·소비),범주형(코드),99.7,12,"1=등산; 2=하이킹(산책); 3=트레킹; 4=오리엔티어링, 지오캐싱; 5=소풍(피크닉); 6=야영(캠핑); 7=백패킹(배낭도보여행); 8=동식물 관찰 및 학습; 9=자연풍경감상; 10=명소탐방; 11=산나물 등 임산물 수확체험; 12=나무심기, 숲가꾸기 작업체험; 13=산림체조; 14=산림욕; 15=목재공작(목공예); 16=숲속생활 체험; 17=산악마라톤; 18=산악스키(스노슈잉 포함); 19=산악자전거 타기; 20=행글라이딩 및 패러글라이딩; 21=래프팅, 계곡물놀이 등 수상활동; 22=산악승마; 23=동굴탐험, 계곡탐험; 24=암벽 및 빙벽타기; 25=숲속 족욕 및 스파; 26=숲속 문화공연 체험 .관람; 27=로프체험(짚라인 등); 28=별 관찰; 29=기타",O
301,Q12A7,문12-1. 숙박형 산림휴양.복지활동 참여활동,Q12. 숙박형 방문기록 — 최대 15슬롯 (지역·박수·동반·목적·소비),범주형(코드),99.9,4,"1=등산; 2=하이킹(산책); 3=트레킹; 4=오리엔티어링, 지오캐싱; 5=소풍(피크닉); 6=야영(캠핑); 7=백패킹(배낭도보여행); 8=동식물 관찰 및 학습; 9=자연풍경감상; 10=명소탐방; 11=산나물 등 임산물 수확체험; 12=나무심기, 숲가꾸기 작업체험; 13=산림체조; 14=산림욕; 15=목재공작(목공예); 16=숲속생활 체험; 17=산악마라톤; 18=산악스키(스노슈잉 포함); 19=산악자전거 타기; 20=행글라이딩 및 패러글라이딩; 21=래프팅, 계곡물놀이 등 수상활동; 22=산악승마; 23=동굴탐험, 계곡탐험; 24=암벽 및 빙벽타기; 25=숲속 족욕 및 스파; 26=숲속 문화공연 체험 .관람; 27=로프체험(짚라인 등); 28=별 관찰; 29=기타",O
302,Q12A8,문12-1. 숙박형 산림휴양.복지활동 참여활동,Q12. 숙박형 방문기록 — 최대 15슬롯 (지역·박수·동반·목적·소비),범주형(코드),99.9,3,"1=등산; 2=하이킹(산책); 3=트레킹; 4=오리엔티어링, 지오캐싱; 5=소풍(피크닉); 6=야영(캠핑); 7=백패킹(배낭도보여행); 8=동식물 관찰 및 학습; 9=자연풍경감상; 10=명소탐방; 11=산나물 등 임산물 수확체험; 12=나무심기, 숲가꾸기 작업체험; 13=산림체조; 14=산림욕; 15=목재공작(목공예); 16=숲속생활 체험; 17=산악마라톤; 18=산악스키(스노슈잉 포함); 19=산악자전거 타기; 20=행글라이딩 및 패러글라이딩; 21=래프팅, 계곡물놀이 등 수상활동; 22=산악승마; 23=동굴탐험, 계곡탐험; 24=암벽 및 빙벽타기; 25=숲속 족욕 및 스파; 26=숲속 문화공연 체험 .관람; 27=로프체험(짚라인 등); 28=별 관찰; 29=기타",O
303,Q12A9,문12-1. 숙박형 산림휴양.복지활동 참여활동,Q12. 숙박형 방문기록 — 최대 15슬롯 (지역·박수·동반·목적·소비),범주형(코드),100.0,1,"1=등산; 2=하이킹(산책); 3=트레킹; 4=오리엔티어링, 지오캐싱; 5=소풍(피크닉); 6=야영(캠핑); 7=백패킹(배낭도보여행); 8=동식물 관찰 및 학습; 9=자연풍경감상; 10=명소탐방; 11=산나물 등 임산물 수확체험; 12=나무심기, 숲가꾸기 작업체험; 13=산림체조; 14=산림욕; 15=목재공작(목공예); 16=숲속생활 체험; 17=산악마라톤; 18=산악스키(스노슈잉 포함); 19=산악자전거 타기; 20=행글라이딩 및 패러글라이딩; 21=래프팅, 계곡물놀이 등 수상활동; 22=산악승마; 23=동굴탐험, 계곡탐험; 24=암벽 및 빙벽타기; 25=숲속 족욕 및 스파; 26=숲속 문화공연 체험 .관람; 27=로프체험(짚라인 등); 28=별 관찰; 29=기타",O
304,Q12A10,문12-1. 숙박형 산림휴양.복지활동 참여활동,Q12. 숙박형 방문기록 — 최대 15슬롯 (지역·박수·동반·목적·소비),범주형(코드),100.0,1,"1=등산; 2=하이킹(산책); 3=트레킹; 4=오리엔티어링, 지오캐싱; 5=소풍(피크닉); 6=야영(캠핑); 7=백패킹(배낭도보여행); 8=동식물 관찰 및 학습; 9=자연풍경감상; 10=명소탐방; 11=산나물 등 임산물 수확체험; 12=나무심기, 숲가꾸기 작업체험; 13=산림체조; 14=산림욕; 15=목재공작(목공예); 16=숲속생활 체험; 17=산악마라톤; 18=산악스키(스노슈잉 포함); 19=산악자전거 타기; 20=행글라이딩 및 패러글라이딩; 21=래프팅, 계곡물놀이 등 수상활동; 22=산악승마; 23=동굴탐험, 계곡탐험; 24=암벽 및 빙벽타기; 25=숲속 족욕 및 스파; 26=숲속 문화공연 체험 .관람; 27=로프체험(짚라인 등); 28=별 관찰; 29=기타",O
305,Q12A11,문12-1. 숙박형 산림휴양.복지활동 참여활동,Q12. 숙박형 방문기록 — 최대 15슬롯 (지역·박수·동반·목적·소비),범주형(코드),100.0,1,"1=등산; 2=하이킹(산책); 3=트레킹; 4=오리엔티어링, 지오캐싱; 5=소풍(피크닉); 6=야영(캠핑); 7=백패킹(배낭도보여행); 8=동식물 관찰 및 학습; 9=자연풍경감상; 10=명소탐방; 11=산나물 등 임산물 수확체험; 12=나무심기, 숲가꾸기 작업체험; 13=산림체조; 14=산림욕; 15=목재공작(목공예); 16=숲속생활 체험; 17=산악마라톤; 18=산악스키(스노슈잉 포함); 19=산악자전거 타기; 20=행글라이딩 및 패러글라이딩; 21=래프팅, 계곡물놀이 등 수상활동; 22=산악승마; 23=동굴탐험, 계곡탐험; 24=암벽 및 빙벽타기; 25=숲속 족욕 및 스파; 26=숲속 문화공연 체험 .관람; 27=로프체험(짚라인 등); 28=별 관찰; 29=기타",O
306,Q12A12,문12-1. 숙박형 산림휴양.복지활동 참여활동,Q12. 숙박형 방문기록 — 최대 15슬롯 (지역·박수·동반·목적·소비),범주형(코드),100.0,1,"1=등산; 2=하이킹(산책); 3=트레킹; 4=오리엔티어링, 지오캐싱; 5=소풍(피크닉); 6=야영(캠핑); 7=백패킹(배낭도보여행); 8=동식물 관찰 및 학습; 9=자연풍경감상; 10=명소탐방; 11=산나물 등 임산물 수확체험; 12=나무심기, 숲가꾸기 작업체험; 13=산림체조; 14=산림욕; 15=목재공작(목공예); 16=숲속생활 체험; 17=산악마라톤; 18=산악스키(스노슈잉 포함); 19=산악자전거 타기; 20=행글라이딩 및 패러글라이딩; 21=래프팅, 계곡물놀이 등 수상활동; 22=산악승마; 23=동굴탐험, 계곡탐험; 24=암벽 및 빙벽타기; 25=숲속 족욕 및 스파; 26=숲속 문화공연 체험 .관람; 27=로프체험(짚라인 등); 28=별 관찰; 29=기타",O
307,Q12A13,문12-1. 숙박형 산림휴양.복지활동 참여활동,Q12. 숙박형 방문기록 — 최대 15슬롯 (지역·박수·동반·목적·소비),삭제됨(전량결측),100.0,0,"1=등산; 2=하이킹(산책); 3=트레킹; 4=오리엔티어링, 지오캐싱; 5=소풍(피크닉); 6=야영(캠핑); 7=백패킹(배낭도보여행); 8=동식물 관찰 및 학습; 9=자연풍경감상; 10=명소탐방; 11=산나물 등 임산물 수확체험; 12=나무심기, 숲가꾸기 작업체험; 13=산림체조; 14=산림욕; 15=목재공작(목공예); 16=숲속생활 체험; 17=산악마라톤; 18=산악스키(스노슈잉 포함); 19=산악자전거 타기; 20=행글라이딩 및 패러글라이딩; 21=래프팅, 계곡물놀이 등 수상활동; 22=산악승마; 23=동굴탐험, 계곡탐험; 24=암벽 및 빙벽타기; 25=숲속 족욕 및 스파; 26=숲속 문화공연 체험 .관람; 27=로프체험(짚라인 등); 28=별 관찰; 29=기타",O
308,Q12A14,문12-1. 숙박형 산림휴양.복지활동 참여활동,Q12. 숙박형 방문기록 — 최대 15슬롯 (지역·박수·동반·목적·소비),삭제됨(전량결측),100.0,0,"1=등산; 2=하이킹(산책); 3=트레킹; 4=오리엔티어링, 지오캐싱; 5=소풍(피크닉); 6=야영(캠핑); 7=백패킹(배낭도보여행); 8=동식물 관찰 및 학습; 9=자연풍경감상; 10=명소탐방; 11=산나물 등 임산물 수확체험; 12=나무심기, 숲가꾸기 작업체험; 13=산림체조; 14=산림욕; 15=목재공작(목공예); 16=숲속생활 체험; 17=산악마라톤; 18=산악스키(스노슈잉 포함); 19=산악자전거 타기; 20=행글라이딩 및 패러글라이딩; 21=래프팅, 계곡물놀이 등 수상활동; 22=산악승마; 23=동굴탐험, 계곡탐험; 24=암벽 및 빙벽타기; 25=숲속 족욕 및 스파; 26=숲속 문화공연 체험 .관람; 27=로프체험(짚라인 등); 28=별 관찰; 29=기타",O
309,Q12A15,문12-1. 숙박형 산림휴양.복지활동 참여활동,Q12. 숙박형 방문기록 — 최대 15슬롯 (지역·박수·동반·목적·소비),삭제됨(전량결측),100.0,0,"1=등산; 2=하이킹(산책); 3=트레킹; 4=오리엔티어링, 지오캐싱; 5=소풍(피크닉); 6=야영(캠핑); 7=백패킹(배낭도보여행); 8=동식물 관찰 및 학습; 9=자연풍경감상; 10=명소탐방; 11=산나물 등 임산물 수확체험; 12=나무심기, 숲가꾸기 작업체험; 13=산림체조; 14=산림욕; 15=목재공작(목공예); 16=숲속생활 체험; 17=산악마라톤; 18=산악스키(스노슈잉 포함); 19=산악자전거 타기; 20=행글라이딩 및 패러글라이딩; 21=래프팅, 계곡물놀이 등 수상활동; 22=산악승마; 23=동굴탐험, 계곡탐험; 24=암벽 및 빙벽타기; 25=숲속 족욕 및 스파; 26=숲속 문화공연 체험 .관람; 27=로프체험(짚라인 등); 28=별 관찰; 29=기타",O
310,Q12_2_1A1,문12-2-1. 숙박형 산림휴양.복지활동 방문시기(시기),Q12. 숙박형 방문기록 — 최대 15슬롯 (지역·박수·동반·목적·소비),범주형(코드),70.3,12,1=1월; 2=2월; 3=3월; 4=4월; 5=5월; 6=6월; 7=7월; 8=8월; 9=9월; 10=10월; 11=11월; 12=12월,O
311,Q12_2_2A1,문12-2-2. 숙박형 산림휴양.복지활동 방문시기(주간),Q12. 숙박형 방문기록 — 최대 15슬롯 (지역·박수·동반·목적·소비),범주형(코드),70.3,3,1=주중; 2=주말; 3=공휴일(휴가 포함),O
312,Q12_3A1,문12-3. 숙박형 산림휴양.복지활동 방문지역,Q12. 숙박형 방문기록 — 최대 15슬롯 (지역·박수·동반·목적·소비),범주형(코드),70.3,164,11010=서울 종로구; 11020=서울 중구; 11030=서울 용산구; 11040=서울 성동구; 11050=서울 광진구; 11060=서울 동대문구; 11070=서울 중랑구; 11080=서울 성북구; 11090=서울 강북구; 11100=서울 도봉구; 11110=서울 노원구; 11120=서울 은평구; 11130=서울 서대문구; 11140=서울 마포구; 11150=서울 양천구; 11160=서울 강서구; 11170=서울 구로구; 11180=서울 금천구; 11190=서울 영등포구; 11200=서울 동작구; 11210=서울 관악구; 11220=서울 서초구; 11230=서울 강남구; 11240=서울 송파구; 11250=서울 강동구; 21010=부산 중구; 21020=부산 서구; 21030=부산 동구; 21040=부산 영도구; 21050=부산 부산진구; …=외 231개,O
313,Q12_4A1,문12-4. 지역 선택 이유,Q12. 숙박형 방문기록 — 최대 15슬롯 (지역·박수·동반·목적·소비),범주형(코드),70.3,8,"1=수려한 자연경관; 2=이동 및 교통의 편의성; 3=시설의 편리성, 쾌적성; 4=저렴한 여행경비; 5=다양한 볼거리, 즐길거리, 먹거리; 6=주변 관광지와의 연계성; 7=교육성(교육적 측면); 8=기타",O
314,Q12_4A1_ETC,문12-4. 지역 선택 이유_기타내용,Q12. 숙박형 방문기록 — 최대 15슬롯 (지역·박수·동반·목적·소비),자유응답,99.9,6,부모님선택 / 지인거주 / 부모 거주,O
315,Q12_5_11A1,문12-5-1. 숙박 일정(박),Q12. 숙박형 방문기록 — 최대 15슬롯 (지역·박수·동반·목적·소비),수치형,70.3,6,범위 1~6,O
316,Q12_5_12A1,문12-5-1. 숙박 일정(일),Q12. 숙박형 방문기록 — 최대 15슬롯 (지역·박수·동반·목적·소비),수치형,70.3,6,범위 2~7,O
317,Q12_5_2A1,문12-5-2. 숙박 횟수,Q12. 숙박형 방문기록 — 최대 15슬롯 (지역·박수·동반·목적·소비),수치형,70.3,5,범위 1~9,O
318,Q12_6A1,문12-6. 동반유형,Q12. 숙박형 방문기록 — 최대 15슬롯 (지역·박수·동반·목적·소비),범주형(코드),70.3,7,"1=혼자; 2=가족(부모, 배우자, 자녀, 형제); 3=친척; 4=친구/연인; 5=(직장)동료; 6=친목단체/모임(동호회, 종교단체 등); 7=학교 단체(소풍, 수학여행 등); 8=기타",O
319,Q12_6A1_ETC,문12-6. 동반유형_기타내용,Q12. 숙박형 방문기록 — 최대 15슬롯 (지역·박수·동반·목적·소비),삭제됨(전량결측),100.0,0,,O
320,Q12_7A1,문12-7. 방문목적,Q12. 숙박형 방문기록 — 최대 15슬롯 (지역·박수·동반·목적·소비),범주형(코드),70.3,7,"1=휴양 및 휴식을 취하기 위해; 2=건강 증진을 위해; 3=질병 치유를 위해; 4=교육, 학습을 위해; 5=취미 및 레포츠 활동을 위해; 6=친목 활동을 위해; 7=기타",O
321,Q12_7A1_ETC,문12-7. 방문목적_기타내용,Q12. 숙박형 방문기록 — 최대 15슬롯 (지역·박수·동반·목적·소비),자유응답,99.8,10,부모님결정 / 가족 경조사 / 별 관찰,O
322,Q12_8A1,문12-8. 1회 기준 1인 평균 소비금액,Q12. 숙박형 방문기록 — 최대 15슬롯 (지역·박수·동반·목적·소비),수치형,70.3,46,범위 2~80,O
323,Q12_2_1A2,문12-2-1. 숙박형 산림휴양.복지활동 방문시기(시기),Q12. 숙박형 방문기록 — 최대 15슬롯 (지역·박수·동반·목적·소비),범주형(코드),83.6,12,1=1월; 2=2월; 3=3월; 4=4월; 5=5월; 6=6월; 7=7월; 8=8월; 9=9월; 10=10월; 11=11월; 12=12월,O
324,Q12_2_2A2,문12-2-2. 숙박형 산림휴양.복지활동 방문시기(주간),Q12. 숙박형 방문기록 — 최대 15슬롯 (지역·박수·동반·목적·소비),범주형(코드),83.6,3,1=주중; 2=주말; 3=공휴일(휴가 포함),O
325,Q12_3A2,문12-3. 숙박형 산림휴양.복지활동 방문지역,Q12. 숙박형 방문기록 — 최대 15슬롯 (지역·박수·동반·목적·소비),범주형(코드),83.6,154,11010=서울 종로구; 11020=서울 중구; 11030=서울 용산구; 11040=서울 성동구; 11050=서울 광진구; 11060=서울 동대문구; 11070=서울 중랑구; 11080=서울 성북구; 11090=서울 강북구; 11100=서울 도봉구; 11110=서울 노원구; 11120=서울 은평구; 11130=서울 서대문구; 11140=서울 마포구; 11150=서울 양천구; 11160=서울 강서구; 11170=서울 구로구; 11180=서울 금천구; 11190=서울 영등포구; 11200=서울 동작구; 11210=서울 관악구; 11220=서울 서초구; 11230=서울 강남구; 11240=서울 송파구; 11250=서울 강동구; 21010=부산 중구; 21020=부산 서구; 21030=부산 동구; 21040=부산 영도구; 21050=부산 부산진구; …=외 231개,O
326,Q12_4A2,문12-4. 지역 선택 이유,Q12. 숙박형 방문기록 — 최대 15슬롯 (지역·박수·동반·목적·소비),범주형(코드),83.6,8,"1=수려한 자연경관; 2=이동 및 교통의 편의성; 3=시설의 편리성, 쾌적성; 4=저렴한 여행경비; 5=다양한 볼거리, 즐길거리, 먹거리; 6=주변 관광지와의 연계성; 7=교육성(교육적 측면); 8=기타",O
327,Q12_4A2_ETC,문12-4. 지역 선택 이유_기타내용,Q12. 숙박형 방문기록 — 최대 15슬롯 (지역·박수·동반·목적·소비),자유응답,99.9,5,부모님 결정 / 가족 거주 / 가족여행,O
328,Q12_5_11A2,문12-5-1. 숙박 일정(박),Q12. 숙박형 방문기록 — 최대 15슬롯 (지역·박수·동반·목적·소비),수치형,83.6,4,범위 1~4,O
329,Q12_5_12A2,문12-5-1. 숙박 일정(일),Q12. 숙박형 방문기록 — 최대 15슬롯 (지역·박수·동반·목적·소비),수치형,83.6,4,범위 2~5,O
330,Q12_5_2A2,문12-5-2. 숙박 횟수,Q12. 숙박형 방문기록 — 최대 15슬롯 (지역·박수·동반·목적·소비),수치형,83.6,5,범위 1~5,O
331,Q12_6A2,문12-6. 동반유형,Q12. 숙박형 방문기록 — 최대 15슬롯 (지역·박수·동반·목적·소비),범주형(코드),83.6,7,"1=혼자; 2=가족(부모, 배우자, 자녀, 형제); 3=친척; 4=친구/연인; 5=(직장)동료; 6=친목단체/모임(동호회, 종교단체 등); 7=학교 단체(소풍, 수학여행 등); 8=기타",O
332,Q12_6A2_ETC,문12-6. 동반유형_기타내용,Q12. 숙박형 방문기록 — 최대 15슬롯 (지역·박수·동반·목적·소비),삭제됨(전량결측),100.0,0,,O
333,Q12_7A2,문12-7. 방문목적,Q12. 숙박형 방문기록 — 최대 15슬롯 (지역·박수·동반·목적·소비),범주형(코드),83.6,7,"1=휴양 및 휴식을 취하기 위해; 2=건강 증진을 위해; 3=질병 치유를 위해; 4=교육, 학습을 위해; 5=취미 및 레포츠 활동을 위해; 6=친목 활동을 위해; 7=기타",O
334,Q12_7A2_ETC,문12-7. 방문목적_기타내용,Q12. 숙박형 방문기록 — 최대 15슬롯 (지역·박수·동반·목적·소비),자유응답,99.9,6,부모님결정 / 가족 방문 / 아버지와 여행,O
335,Q12_8A2,문12-8. 1회 기준 1인 평균 소비금액,Q12. 숙박형 방문기록 — 최대 15슬롯 (지역·박수·동반·목적·소비),수치형,83.6,39,범위 2~70,O
336,Q12_2_1A3,문12-2-1. 숙박형 산림휴양.복지활동 방문시기(시기),Q12. 숙박형 방문기록 — 최대 15슬롯 (지역·박수·동반·목적·소비),범주형(코드),93.0,11,1=1월; 2=2월; 3=3월; 4=4월; 5=5월; 6=6월; 7=7월; 8=8월; 9=9월; 10=10월; 11=11월; 12=12월,O
337,Q12_2_2A3,문12-2-2. 숙박형 산림휴양.복지활동 방문시기(주간),Q12. 숙박형 방문기록 — 최대 15슬롯 (지역·박수·동반·목적·소비),범주형(코드),93.0,3,1=주중; 2=주말; 3=공휴일(휴가 포함),O
338,Q12_3A3,문12-3. 숙박형 산림휴양.복지활동 방문지역,Q12. 숙박형 방문기록 — 최대 15슬롯 (지역·박수·동반·목적·소비),범주형(코드),93.0,126,11010=서울 종로구; 11020=서울 중구; 11030=서울 용산구; 11040=서울 성동구; 11050=서울 광진구; 11060=서울 동대문구; 11070=서울 중랑구; 11080=서울 성북구; 11090=서울 강북구; 11100=서울 도봉구; 11110=서울 노원구; 11120=서울 은평구; 11130=서울 서대문구; 11140=서울 마포구; 11150=서울 양천구; 11160=서울 강서구; 11170=서울 구로구; 11180=서울 금천구; 11190=서울 영등포구; 11200=서울 동작구; 11210=서울 관악구; 11220=서울 서초구; 11230=서울 강남구; 11240=서울 송파구; 11250=서울 강동구; 21010=부산 중구; 21020=부산 서구; 21030=부산 동구; 21040=부산 영도구; 21050=부산 부산진구; …=외 231개,O
339,Q12_4A3,문12-4. 지역 선택 이유,Q12. 숙박형 방문기록 — 최대 15슬롯 (지역·박수·동반·목적·소비),범주형(코드),93.0,8,"1=수려한 자연경관; 2=이동 및 교통의 편의성; 3=시설의 편리성, 쾌적성; 4=저렴한 여행경비; 5=다양한 볼거리, 즐길거리, 먹거리; 6=주변 관광지와의 연계성; 7=교육성(교육적 측면); 8=기타",O
340,Q12_4A3_ETC,문12-4. 지역 선택 이유_기타내용,Q12. 숙박형 방문기록 — 최대 15슬롯 (지역·박수·동반·목적·소비),자유응답,99.9,5,부모님결정 / 지인거주 / 가족 거주,O
341,Q12_5_11A3,문12-5-1. 숙박 일정(박),Q12. 숙박형 방문기록 — 최대 15슬롯 (지역·박수·동반·목적·소비),수치형,93.0,5,범위 1~5,O
342,Q12_5_12A3,문12-5-1. 숙박 일정(일),Q12. 숙박형 방문기록 — 최대 15슬롯 (지역·박수·동반·목적·소비),수치형,93.0,5,범위 2~6,O
343,Q12_5_2A3,문12-5-2. 숙박 횟수,Q12. 숙박형 방문기록 — 최대 15슬롯 (지역·박수·동반·목적·소비),수치형,93.0,3,범위 1~3,O
344,Q12_6A3,문12-6. 동반유형,Q12. 숙박형 방문기록 — 최대 15슬롯 (지역·박수·동반·목적·소비),범주형(코드),93.0,7,"1=혼자; 2=가족(부모, 배우자, 자녀, 형제); 3=친척; 4=친구/연인; 5=(직장)동료; 6=친목단체/모임(동호회, 종교단체 등); 7=학교 단체(소풍, 수학여행 등); 8=기타",O
345,Q12_6A3_ETC,문12-6. 동반유형_기타내용,Q12. 숙박형 방문기록 — 최대 15슬롯 (지역·박수·동반·목적·소비),삭제됨(전량결측),100.0,0,,O
346,Q12_7A3,문12-7. 방문목적,Q12. 숙박형 방문기록 — 최대 15슬롯 (지역·박수·동반·목적·소비),범주형(코드),93.0,7,"1=휴양 및 휴식을 취하기 위해; 2=건강 증진을 위해; 3=질병 치유를 위해; 4=교육, 학습을 위해; 5=취미 및 레포츠 활동을 위해; 6=친목 활동을 위해; 7=기타",O
347,Q12_7A3_ETC,문12-7. 방문목적_기타내용,Q12. 숙박형 방문기록 — 최대 15슬롯 (지역·박수·동반·목적·소비),자유응답,99.9,6,부모님결정 / 가족 방문 / 아버지와 여행,O
348,Q12_8A3,문12-8. 1회 기준 1인 평균 소비금액,Q12. 숙박형 방문기록 — 최대 15슬롯 (지역·박수·동반·목적·소비),수치형,93.0,38,범위 2~70,O
349,Q12_2_1A4,문12-2-1. 숙박형 산림휴양.복지활동 방문시기(시기),Q12. 숙박형 방문기록 — 최대 15슬롯 (지역·박수·동반·목적·소비),범주형(코드),97.5,9,1=1월; 2=2월; 3=3월; 4=4월; 5=5월; 6=6월; 7=7월; 8=8월; 9=9월; 10=10월; 11=11월; 12=12월,O
350,Q12_2_2A4,문12-2-2. 숙박형 산림휴양.복지활동 방문시기(주간),Q12. 숙박형 방문기록 — 최대 15슬롯 (지역·박수·동반·목적·소비),범주형(코드),97.5,3,1=주중; 2=주말; 3=공휴일(휴가 포함),O
351,Q12_3A4,문12-3. 숙박형 산림휴양.복지활동 방문지역,Q12. 숙박형 방문기록 — 최대 15슬롯 (지역·박수·동반·목적·소비),범주형(코드),97.5,75,11010=서울 종로구; 11020=서울 중구; 11030=서울 용산구; 11040=서울 성동구; 11050=서울 광진구; 11060=서울 동대문구; 11070=서울 중랑구; 11080=서울 성북구; 11090=서울 강북구; 11100=서울 도봉구; 11110=서울 노원구; 11120=서울 은평구; 11130=서울 서대문구; 11140=서울 마포구; 11150=서울 양천구; 11160=서울 강서구; 11170=서울 구로구; 11180=서울 금천구; 11190=서울 영등포구; 11200=서울 동작구; 11210=서울 관악구; 11220=서울 서초구; 11230=서울 강남구; 11240=서울 송파구; 11250=서울 강동구; 21010=부산 중구; 21020=부산 서구; 21030=부산 동구; 21040=부산 영도구; 21050=부산 부산진구; …=외 231개,O
352,Q12_4A4,문12-4. 지역 선택 이유,Q12. 숙박형 방문기록 — 최대 15슬롯 (지역·박수·동반·목적·소비),범주형(코드),97.5,8,"1=수려한 자연경관; 2=이동 및 교통의 편의성; 3=시설의 편리성, 쾌적성; 4=저렴한 여행경비; 5=다양한 볼거리, 즐길거리, 먹거리; 6=주변 관광지와의 연계성; 7=교육성(교육적 측면); 8=기타",O
353,Q12_4A4_ETC,문12-4. 지역 선택 이유_기타내용,Q12. 숙박형 방문기록 — 최대 15슬롯 (지역·박수·동반·목적·소비),자유응답,100.0,3,지인거주 / 부모님선택 / 부모님,O
354,Q12_5_11A4,문12-5-1. 숙박 일정(박),Q12. 숙박형 방문기록 — 최대 15슬롯 (지역·박수·동반·목적·소비),수치형,97.5,3,범위 1~3,O
355,Q12_5_12A4,문12-5-1. 숙박 일정(일),Q12. 숙박형 방문기록 — 최대 15슬롯 (지역·박수·동반·목적·소비),수치형,97.5,3,범위 2~4,O
356,Q12_5_2A4,문12-5-2. 숙박 횟수,Q12. 숙박형 방문기록 — 최대 15슬롯 (지역·박수·동반·목적·소비),수치형,97.5,4,범위 1~4,O
357,Q12_6A4,문12-6. 동반유형,Q12. 숙박형 방문기록 — 최대 15슬롯 (지역·박수·동반·목적·소비),범주형(코드),97.5,7,"1=혼자; 2=가족(부모, 배우자, 자녀, 형제); 3=친척; 4=친구/연인; 5=(직장)동료; 6=친목단체/모임(동호회, 종교단체 등); 7=학교 단체(소풍, 수학여행 등); 8=기타",O
358,Q12_6A4_ETC,문12-6. 동반유형_기타내용,Q12. 숙박형 방문기록 — 최대 15슬롯 (지역·박수·동반·목적·소비),삭제됨(전량결측),100.0,0,,O
359,Q12_7A4,문12-7. 방문목적,Q12. 숙박형 방문기록 — 최대 15슬롯 (지역·박수·동반·목적·소비),범주형(코드),97.5,6,"1=휴양 및 휴식을 취하기 위해; 2=건강 증진을 위해; 3=질병 치유를 위해; 4=교육, 학습을 위해; 5=취미 및 레포츠 활동을 위해; 6=친목 활동을 위해; 7=기타",O
360,Q12_7A4_ETC,문12-7. 방문목적_기타내용,Q12. 숙박형 방문기록 — 최대 15슬롯 (지역·박수·동반·목적·소비),자유응답,99.9,3,아버지와 여행 / 여행목적 / 가족여행,O
361,Q12_8A4,문12-8. 1회 기준 1인 평균 소비금액,Q12. 숙박형 방문기록 — 최대 15슬롯 (지역·박수·동반·목적·소비),수치형,97.5,32,범위 2~60,O
362,Q12_2_1A5,문12-2-1. 숙박형 산림휴양.복지활동 방문시기(시기),Q12. 숙박형 방문기록 — 최대 15슬롯 (지역·박수·동반·목적·소비),범주형(코드),99.1,9,1=1월; 2=2월; 3=3월; 4=4월; 5=5월; 6=6월; 7=7월; 8=8월; 9=9월; 10=10월; 11=11월; 12=12월,O
363,Q12_2_2A5,문12-2-2. 숙박형 산림휴양.복지활동 방문시기(주간),Q12. 숙박형 방문기록 — 최대 15슬롯 (지역·박수·동반·목적·소비),범주형(코드),99.1,3,1=주중; 2=주말; 3=공휴일(휴가 포함),O
364,Q12_3A5,문12-3. 숙박형 산림휴양.복지활동 방문지역,Q12. 숙박형 방문기록 — 최대 15슬롯 (지역·박수·동반·목적·소비),범주형(코드),99.1,39,11010=서울 종로구; 11020=서울 중구; 11030=서울 용산구; 11040=서울 성동구; 11050=서울 광진구; 11060=서울 동대문구; 11070=서울 중랑구; 11080=서울 성북구; 11090=서울 강북구; 11100=서울 도봉구; 11110=서울 노원구; 11120=서울 은평구; 11130=서울 서대문구; 11140=서울 마포구; 11150=서울 양천구; 11160=서울 강서구; 11170=서울 구로구; 11180=서울 금천구; 11190=서울 영등포구; 11200=서울 동작구; 11210=서울 관악구; 11220=서울 서초구; 11230=서울 강남구; 11240=서울 송파구; 11250=서울 강동구; 21010=부산 중구; 21020=부산 서구; 21030=부산 동구; 21040=부산 영도구; 21050=부산 부산진구; …=외 231개,O
365,Q12_4A5,문12-4. 지역 선택 이유,Q12. 숙박형 방문기록 — 최대 15슬롯 (지역·박수·동반·목적·소비),범주형(코드),99.1,8,"1=수려한 자연경관; 2=이동 및 교통의 편의성; 3=시설의 편리성, 쾌적성; 4=저렴한 여행경비; 5=다양한 볼거리, 즐길거리, 먹거리; 6=주변 관광지와의 연계성; 7=교육성(교육적 측면); 8=기타",O
366,Q12_4A5_ETC,문12-4. 지역 선택 이유_기타내용,Q12. 숙박형 방문기록 — 최대 15슬롯 (지역·박수·동반·목적·소비),자유응답,100.0,1,부모님선택,O
367,Q12_5_11A5,문12-5-1. 숙박 일정(박),Q12. 숙박형 방문기록 — 최대 15슬롯 (지역·박수·동반·목적·소비),수치형,99.1,5,범위 1~5,O
368,Q12_5_12A5,문12-5-1. 숙박 일정(일),Q12. 숙박형 방문기록 — 최대 15슬롯 (지역·박수·동반·목적·소비),수치형,99.1,5,범위 2~6,O
369,Q12_5_2A5,문12-5-2. 숙박 횟수,Q12. 숙박형 방문기록 — 최대 15슬롯 (지역·박수·동반·목적·소비),수치형,99.1,3,범위 1~3,O
370,Q12_6A5,문12-6. 동반유형,Q12. 숙박형 방문기록 — 최대 15슬롯 (지역·박수·동반·목적·소비),범주형(코드),99.1,7,"1=혼자; 2=가족(부모, 배우자, 자녀, 형제); 3=친척; 4=친구/연인; 5=(직장)동료; 6=친목단체/모임(동호회, 종교단체 등); 7=학교 단체(소풍, 수학여행 등); 8=기타",O
371,Q12_6A5_ETC,문12-6. 동반유형_기타내용,Q12. 숙박형 방문기록 — 최대 15슬롯 (지역·박수·동반·목적·소비),삭제됨(전량결측),100.0,0,,O
372,Q12_7A5,문12-7. 방문목적,Q12. 숙박형 방문기록 — 최대 15슬롯 (지역·박수·동반·목적·소비),범주형(코드),99.1,6,"1=휴양 및 휴식을 취하기 위해; 2=건강 증진을 위해; 3=질병 치유를 위해; 4=교육, 학습을 위해; 5=취미 및 레포츠 활동을 위해; 6=친목 활동을 위해; 7=기타",O
373,Q12_7A5_ETC,문12-7. 방문목적_기타내용,Q12. 숙박형 방문기록 — 최대 15슬롯 (지역·박수·동반·목적·소비),자유응답,99.9,3,아버지와 여행 / 여행목적 / 가족여행,O
374,Q12_8A5,문12-8. 1회 기준 1인 평균 소비금액,Q12. 숙박형 방문기록 — 최대 15슬롯 (지역·박수·동반·목적·소비),수치형,99.1,21,범위 2~50,O
375,Q12_2_1A6,문12-2-1. 숙박형 산림휴양.복지활동 방문시기(시기),Q12. 숙박형 방문기록 — 최대 15슬롯 (지역·박수·동반·목적·소비),범주형(코드),99.7,7,1=1월; 2=2월; 3=3월; 4=4월; 5=5월; 6=6월; 7=7월; 8=8월; 9=9월; 10=10월; 11=11월; 12=12월,O
376,Q12_2_2A6,문12-2-2. 숙박형 산림휴양.복지활동 방문시기(주간),Q12. 숙박형 방문기록 — 최대 15슬롯 (지역·박수·동반·목적·소비),범주형(코드),99.7,3,1=주중; 2=주말; 3=공휴일(휴가 포함),O
377,Q12_3A6,문12-3. 숙박형 산림휴양.복지활동 방문지역,Q12. 숙박형 방문기록 — 최대 15슬롯 (지역·박수·동반·목적·소비),범주형(코드),99.7,19,11010=서울 종로구; 11020=서울 중구; 11030=서울 용산구; 11040=서울 성동구; 11050=서울 광진구; 11060=서울 동대문구; 11070=서울 중랑구; 11080=서울 성북구; 11090=서울 강북구; 11100=서울 도봉구; 11110=서울 노원구; 11120=서울 은평구; 11130=서울 서대문구; 11140=서울 마포구; 11150=서울 양천구; 11160=서울 강서구; 11170=서울 구로구; 11180=서울 금천구; 11190=서울 영등포구; 11200=서울 동작구; 11210=서울 관악구; 11220=서울 서초구; 11230=서울 강남구; 11240=서울 송파구; 11250=서울 강동구; 21010=부산 중구; 21020=부산 서구; 21030=부산 동구; 21040=부산 영도구; 21050=부산 부산진구; …=외 231개,O
378,Q12_4A6,문12-4. 지역 선택 이유,Q12. 숙박형 방문기록 — 최대 15슬롯 (지역·박수·동반·목적·소비),범주형(코드),99.7,7,"1=수려한 자연경관; 2=이동 및 교통의 편의성; 3=시설의 편리성, 쾌적성; 4=저렴한 여행경비; 5=다양한 볼거리, 즐길거리, 먹거리; 6=주변 관광지와의 연계성; 7=교육성(교육적 측면); 8=기타",O
379,Q12_4A6_ETC,문12-4. 지역 선택 이유_기타내용,Q12. 숙박형 방문기록 — 최대 15슬롯 (지역·박수·동반·목적·소비),자유응답,100.0,1,부모님선택,O
380,Q12_5_11A6,문12-5-1. 숙박 일정(박),Q12. 숙박형 방문기록 — 최대 15슬롯 (지역·박수·동반·목적·소비),수치형,99.7,3,범위 1~3,O
381,Q12_5_12A6,문12-5-1. 숙박 일정(일),Q12. 숙박형 방문기록 — 최대 15슬롯 (지역·박수·동반·목적·소비),수치형,99.7,3,범위 2~4,O
382,Q12_5_2A6,문12-5-2. 숙박 횟수,Q12. 숙박형 방문기록 — 최대 15슬롯 (지역·박수·동반·목적·소비),수치형,99.7,3,범위 1~3,O
383,Q12_6A6,문12-6. 동반유형,Q12. 숙박형 방문기록 — 최대 15슬롯 (지역·박수·동반·목적·소비),범주형(코드),99.7,5,"1=혼자; 2=가족(부모, 배우자, 자녀, 형제); 3=친척; 4=친구/연인; 5=(직장)동료; 6=친목단체/모임(동호회, 종교단체 등); 7=학교 단체(소풍, 수학여행 등); 8=기타",O
384,Q12_6A6_ETC,문12-6. 동반유형_기타내용,Q12. 숙박형 방문기록 — 최대 15슬롯 (지역·박수·동반·목적·소비),삭제됨(전량결측),100.0,0,,O
385,Q12_7A6,문12-7. 방문목적,Q12. 숙박형 방문기록 — 최대 15슬롯 (지역·박수·동반·목적·소비),범주형(코드),99.7,4,"1=휴양 및 휴식을 취하기 위해; 2=건강 증진을 위해; 3=질병 치유를 위해; 4=교육, 학습을 위해; 5=취미 및 레포츠 활동을 위해; 6=친목 활동을 위해; 7=기타",O
386,Q12_7A6_ETC,문12-7. 방문목적_기타내용,Q12. 숙박형 방문기록 — 최대 15슬롯 (지역·박수·동반·목적·소비),자유응답,100.0,1,가족여행,O
387,Q12_8A6,문12-8. 1회 기준 1인 평균 소비금액,Q12. 숙박형 방문기록 — 최대 15슬롯 (지역·박수·동반·목적·소비),수치형,99.7,17,범위 2~42,O
388,Q12_2_1A7,문12-2-1. 숙박형 산림휴양.복지활동 방문시기(시기),Q12. 숙박형 방문기록 — 최대 15슬롯 (지역·박수·동반·목적·소비),범주형(코드),99.9,7,1=1월; 2=2월; 3=3월; 4=4월; 5=5월; 6=6월; 7=7월; 8=8월; 9=9월; 10=10월; 11=11월; 12=12월,O
389,Q12_2_2A7,문12-2-2. 숙박형 산림휴양.복지활동 방문시기(주간),Q12. 숙박형 방문기록 — 최대 15슬롯 (지역·박수·동반·목적·소비),범주형(코드),99.9,2,1=주중; 2=주말; 3=공휴일(휴가 포함),O
390,Q12_3A7,문12-3. 숙박형 산림휴양.복지활동 방문지역,Q12. 숙박형 방문기록 — 최대 15슬롯 (지역·박수·동반·목적·소비),범주형(코드),99.9,10,11010=서울 종로구; 11020=서울 중구; 11030=서울 용산구; 11040=서울 성동구; 11050=서울 광진구; 11060=서울 동대문구; 11070=서울 중랑구; 11080=서울 성북구; 11090=서울 강북구; 11100=서울 도봉구; 11110=서울 노원구; 11120=서울 은평구; 11130=서울 서대문구; 11140=서울 마포구; 11150=서울 양천구; 11160=서울 강서구; 11170=서울 구로구; 11180=서울 금천구; 11190=서울 영등포구; 11200=서울 동작구; 11210=서울 관악구; 11220=서울 서초구; 11230=서울 강남구; 11240=서울 송파구; 11250=서울 강동구; 21010=부산 중구; 21020=부산 서구; 21030=부산 동구; 21040=부산 영도구; 21050=부산 부산진구; …=외 231개,O
391,Q12_4A7,문12-4. 지역 선택 이유,Q12. 숙박형 방문기록 — 최대 15슬롯 (지역·박수·동반·목적·소비),범주형(코드),99.9,4,"1=수려한 자연경관; 2=이동 및 교통의 편의성; 3=시설의 편리성, 쾌적성; 4=저렴한 여행경비; 5=다양한 볼거리, 즐길거리, 먹거리; 6=주변 관광지와의 연계성; 7=교육성(교육적 측면); 8=기타",O
392,Q12_4A7_ETC,문12-4. 지역 선택 이유_기타내용,Q12. 숙박형 방문기록 — 최대 15슬롯 (지역·박수·동반·목적·소비),삭제됨(전량결측),100.0,0,,O
393,Q12_5_11A7,문12-5-1. 숙박 일정(박),Q12. 숙박형 방문기록 — 최대 15슬롯 (지역·박수·동반·목적·소비),수치형,99.9,3,범위 1~3,O
394,Q12_5_12A7,문12-5-1. 숙박 일정(일),Q12. 숙박형 방문기록 — 최대 15슬롯 (지역·박수·동반·목적·소비),수치형,99.9,3,범위 2~4,O
395,Q12_5_2A7,문12-5-2. 숙박 횟수,Q12. 숙박형 방문기록 — 최대 15슬롯 (지역·박수·동반·목적·소비),수치형,99.9,1,범위 1~1,O
396,Q12_6A7,문12-6. 동반유형,Q12. 숙박형 방문기록 — 최대 15슬롯 (지역·박수·동반·목적·소비),범주형(코드),99.9,3,"1=혼자; 2=가족(부모, 배우자, 자녀, 형제); 3=친척; 4=친구/연인; 5=(직장)동료; 6=친목단체/모임(동호회, 종교단체 등); 7=학교 단체(소풍, 수학여행 등); 8=기타",O
397,Q12_6A7_ETC,문12-6. 동반유형_기타내용,Q12. 숙박형 방문기록 — 최대 15슬롯 (지역·박수·동반·목적·소비),삭제됨(전량결측),100.0,0,,O
398,Q12_7A7,문12-7. 방문목적,Q12. 숙박형 방문기록 — 최대 15슬롯 (지역·박수·동반·목적·소비),범주형(코드),99.9,4,"1=휴양 및 휴식을 취하기 위해; 2=건강 증진을 위해; 3=질병 치유를 위해; 4=교육, 학습을 위해; 5=취미 및 레포츠 활동을 위해; 6=친목 활동을 위해; 7=기타",O
399,Q12_7A7_ETC,문12-7. 방문목적_기타내용,Q12. 숙박형 방문기록 — 최대 15슬롯 (지역·박수·동반·목적·소비),자유응답,100.0,1,가족여행,O
400,Q12_8A7,문12-8. 1회 기준 1인 평균 소비금액,Q12. 숙박형 방문기록 — 최대 15슬롯 (지역·박수·동반·목적·소비),수치형,99.9,6,범위 5~40,O
401,Q12_2_1A8,문12-2-1. 숙박형 산림휴양.복지활동 방문시기(시기),Q12. 숙박형 방문기록 — 최대 15슬롯 (지역·박수·동반·목적·소비),범주형(코드),99.9,4,1=1월; 2=2월; 3=3월; 4=4월; 5=5월; 6=6월; 7=7월; 8=8월; 9=9월; 10=10월; 11=11월; 12=12월,O
402,Q12_2_2A8,문12-2-2. 숙박형 산림휴양.복지활동 방문시기(주간),Q12. 숙박형 방문기록 — 최대 15슬롯 (지역·박수·동반·목적·소비),범주형(코드),99.9,2,1=주중; 2=주말; 3=공휴일(휴가 포함),O
403,Q12_3A8,문12-3. 숙박형 산림휴양.복지활동 방문지역,Q12. 숙박형 방문기록 — 최대 15슬롯 (지역·박수·동반·목적·소비),범주형(코드),99.9,5,11010=서울 종로구; 11020=서울 중구; 11030=서울 용산구; 11040=서울 성동구; 11050=서울 광진구; 11060=서울 동대문구; 11070=서울 중랑구; 11080=서울 성북구; 11090=서울 강북구; 11100=서울 도봉구; 11110=서울 노원구; 11120=서울 은평구; 11130=서울 서대문구; 11140=서울 마포구; 11150=서울 양천구; 11160=서울 강서구; 11170=서울 구로구; 11180=서울 금천구; 11190=서울 영등포구; 11200=서울 동작구; 11210=서울 관악구; 11220=서울 서초구; 11230=서울 강남구; 11240=서울 송파구; 11250=서울 강동구; 21010=부산 중구; 21020=부산 서구; 21030=부산 동구; 21040=부산 영도구; 21050=부산 부산진구; …=외 231개,O
404,Q12_4A8,문12-4. 지역 선택 이유,Q12. 숙박형 방문기록 — 최대 15슬롯 (지역·박수·동반·목적·소비),범주형(코드),99.9,3,"1=수려한 자연경관; 2=이동 및 교통의 편의성; 3=시설의 편리성, 쾌적성; 4=저렴한 여행경비; 5=다양한 볼거리, 즐길거리, 먹거리; 6=주변 관광지와의 연계성; 7=교육성(교육적 측면); 8=기타",O
405,Q12_4A8_ETC,문12-4. 지역 선택 이유_기타내용,Q12. 숙박형 방문기록 — 최대 15슬롯 (지역·박수·동반·목적·소비),삭제됨(전량결측),100.0,0,,O
406,Q12_5_11A8,문12-5-1. 숙박 일정(박),Q12. 숙박형 방문기록 — 최대 15슬롯 (지역·박수·동반·목적·소비),수치형,99.9,2,범위 1~2,O
407,Q12_5_12A8,문12-5-1. 숙박 일정(일),Q12. 숙박형 방문기록 — 최대 15슬롯 (지역·박수·동반·목적·소비),수치형,99.9,2,범위 2~3,O
408,Q12_5_2A8,문12-5-2. 숙박 횟수,Q12. 숙박형 방문기록 — 최대 15슬롯 (지역·박수·동반·목적·소비),수치형,99.9,1,범위 1~1,O
409,Q12_6A8,문12-6. 동반유형,Q12. 숙박형 방문기록 — 최대 15슬롯 (지역·박수·동반·목적·소비),범주형(코드),99.9,3,"1=혼자; 2=가족(부모, 배우자, 자녀, 형제); 3=친척; 4=친구/연인; 5=(직장)동료; 6=친목단체/모임(동호회, 종교단체 등); 7=학교 단체(소풍, 수학여행 등); 8=기타",O
410,Q12_6A8_ETC,문12-6. 동반유형_기타내용,Q12. 숙박형 방문기록 — 최대 15슬롯 (지역·박수·동반·목적·소비),삭제됨(전량결측),100.0,0,,O
411,Q12_7A8,문12-7. 방문목적,Q12. 숙박형 방문기록 — 최대 15슬롯 (지역·박수·동반·목적·소비),범주형(코드),99.9,2,"1=휴양 및 휴식을 취하기 위해; 2=건강 증진을 위해; 3=질병 치유를 위해; 4=교육, 학습을 위해; 5=취미 및 레포츠 활동을 위해; 6=친목 활동을 위해; 7=기타",O
412,Q12_7A8_ETC,문12-7. 방문목적_기타내용,Q12. 숙박형 방문기록 — 최대 15슬롯 (지역·박수·동반·목적·소비),삭제됨(전량결측),100.0,0,,O
413,Q12_8A8,문12-8. 1회 기준 1인 평균 소비금액,Q12. 숙박형 방문기록 — 최대 15슬롯 (지역·박수·동반·목적·소비),수치형,99.9,3,범위 6~22,O
414,Q12_2_1A9,문12-2-1. 숙박형 산림휴양.복지활동 방문시기(시기),Q12. 숙박형 방문기록 — 최대 15슬롯 (지역·박수·동반·목적·소비),범주형(코드),100.0,2,1=1월; 2=2월; 3=3월; 4=4월; 5=5월; 6=6월; 7=7월; 8=8월; 9=9월; 10=10월; 11=11월; 12=12월,O
415,Q12_2_2A9,문12-2-2. 숙박형 산림휴양.복지활동 방문시기(주간),Q12. 숙박형 방문기록 — 최대 15슬롯 (지역·박수·동반·목적·소비),범주형(코드),100.0,1,1=주중; 2=주말; 3=공휴일(휴가 포함),O
416,Q12_3A9,문12-3. 숙박형 산림휴양.복지활동 방문지역,Q12. 숙박형 방문기록 — 최대 15슬롯 (지역·박수·동반·목적·소비),범주형(코드),100.0,2,11010=서울 종로구; 11020=서울 중구; 11030=서울 용산구; 11040=서울 성동구; 11050=서울 광진구; 11060=서울 동대문구; 11070=서울 중랑구; 11080=서울 성북구; 11090=서울 강북구; 11100=서울 도봉구; 11110=서울 노원구; 11120=서울 은평구; 11130=서울 서대문구; 11140=서울 마포구; 11150=서울 양천구; 11160=서울 강서구; 11170=서울 구로구; 11180=서울 금천구; 11190=서울 영등포구; 11200=서울 동작구; 11210=서울 관악구; 11220=서울 서초구; 11230=서울 강남구; 11240=서울 송파구; 11250=서울 강동구; 21010=부산 중구; 21020=부산 서구; 21030=부산 동구; 21040=부산 영도구; 21050=부산 부산진구; …=외 231개,O
417,Q12_4A9,문12-4. 지역 선택 이유,Q12. 숙박형 방문기록 — 최대 15슬롯 (지역·박수·동반·목적·소비),범주형(코드),100.0,1,"1=수려한 자연경관; 2=이동 및 교통의 편의성; 3=시설의 편리성, 쾌적성; 4=저렴한 여행경비; 5=다양한 볼거리, 즐길거리, 먹거리; 6=주변 관광지와의 연계성; 7=교육성(교육적 측면); 8=기타",O
418,Q12_4A9_ETC,문12-4. 지역 선택 이유_기타내용,Q12. 숙박형 방문기록 — 최대 15슬롯 (지역·박수·동반·목적·소비),삭제됨(전량결측),100.0,0,,O
419,Q12_5_11A9,문12-5-1. 숙박 일정(박),Q12. 숙박형 방문기록 — 최대 15슬롯 (지역·박수·동반·목적·소비),수치형,100.0,1,범위 1~1,O
420,Q12_5_12A9,문12-5-1. 숙박 일정(일),Q12. 숙박형 방문기록 — 최대 15슬롯 (지역·박수·동반·목적·소비),수치형,100.0,1,범위 2~2,O
421,Q12_5_2A9,문12-5-2. 숙박 횟수,Q12. 숙박형 방문기록 — 최대 15슬롯 (지역·박수·동반·목적·소비),수치형,100.0,1,범위 1~1,O
422,Q12_6A9,문12-6. 동반유형,Q12. 숙박형 방문기록 — 최대 15슬롯 (지역·박수·동반·목적·소비),범주형(코드),100.0,1,"1=혼자; 2=가족(부모, 배우자, 자녀, 형제); 3=친척; 4=친구/연인; 5=(직장)동료; 6=친목단체/모임(동호회, 종교단체 등); 7=학교 단체(소풍, 수학여행 등); 8=기타",O
423,Q12_6A9_ETC,문12-6. 동반유형_기타내용,Q12. 숙박형 방문기록 — 최대 15슬롯 (지역·박수·동반·목적·소비),삭제됨(전량결측),100.0,0,,O
424,Q12_7A9,문12-7. 방문목적,Q12. 숙박형 방문기록 — 최대 15슬롯 (지역·박수·동반·목적·소비),범주형(코드),100.0,1,"1=휴양 및 휴식을 취하기 위해; 2=건강 증진을 위해; 3=질병 치유를 위해; 4=교육, 학습을 위해; 5=취미 및 레포츠 활동을 위해; 6=친목 활동을 위해; 7=기타",O
425,Q12_7A9_ETC,문12-7. 방문목적_기타내용,Q12. 숙박형 방문기록 — 최대 15슬롯 (지역·박수·동반·목적·소비),삭제됨(전량결측),100.0,0,,O
426,Q12_8A9,문12-8. 1회 기준 1인 평균 소비금액,Q12. 숙박형 방문기록 — 최대 15슬롯 (지역·박수·동반·목적·소비),수치형,100.0,2,범위 8~15,O
427,Q12_2_1A10,문12-2-1. 숙박형 산림휴양.복지활동 방문시기(시기),Q12. 숙박형 방문기록 — 최대 15슬롯 (지역·박수·동반·목적·소비),범주형(코드),100.0,2,1=1월; 2=2월; 3=3월; 4=4월; 5=5월; 6=6월; 7=7월; 8=8월; 9=9월; 10=10월; 11=11월; 12=12월,O
428,Q12_2_2A10,문12-2-2. 숙박형 산림휴양.복지활동 방문시기(주간),Q12. 숙박형 방문기록 — 최대 15슬롯 (지역·박수·동반·목적·소비),범주형(코드),100.0,1,1=주중; 2=주말; 3=공휴일(휴가 포함),O
429,Q12_3A10,문12-3. 숙박형 산림휴양.복지활동 방문지역,Q12. 숙박형 방문기록 — 최대 15슬롯 (지역·박수·동반·목적·소비),범주형(코드),100.0,2,11010=서울 종로구; 11020=서울 중구; 11030=서울 용산구; 11040=서울 성동구; 11050=서울 광진구; 11060=서울 동대문구; 11070=서울 중랑구; 11080=서울 성북구; 11090=서울 강북구; 11100=서울 도봉구; 11110=서울 노원구; 11120=서울 은평구; 11130=서울 서대문구; 11140=서울 마포구; 11150=서울 양천구; 11160=서울 강서구; 11170=서울 구로구; 11180=서울 금천구; 11190=서울 영등포구; 11200=서울 동작구; 11210=서울 관악구; 11220=서울 서초구; 11230=서울 강남구; 11240=서울 송파구; 11250=서울 강동구; 21010=부산 중구; 21020=부산 서구; 21030=부산 동구; 21040=부산 영도구; 21050=부산 부산진구; …=외 231개,O
430,Q12_4A10,문12-4. 지역 선택 이유,Q12. 숙박형 방문기록 — 최대 15슬롯 (지역·박수·동반·목적·소비),범주형(코드),100.0,1,"1=수려한 자연경관; 2=이동 및 교통의 편의성; 3=시설의 편리성, 쾌적성; 4=저렴한 여행경비; 5=다양한 볼거리, 즐길거리, 먹거리; 6=주변 관광지와의 연계성; 7=교육성(교육적 측면); 8=기타",O
431,Q12_4A10_ETC,문12-4. 지역 선택 이유_기타내용,Q12. 숙박형 방문기록 — 최대 15슬롯 (지역·박수·동반·목적·소비),삭제됨(전량결측),100.0,0,,O
432,Q12_5_11A10,문12-5-1. 숙박 일정(박),Q12. 숙박형 방문기록 — 최대 15슬롯 (지역·박수·동반·목적·소비),수치형,100.0,2,범위 1~2,O
433,Q12_5_12A10,문12-5-1. 숙박 일정(일),Q12. 숙박형 방문기록 — 최대 15슬롯 (지역·박수·동반·목적·소비),수치형,100.0,2,범위 2~3,O
434,Q12_5_2A10,문12-5-2. 숙박 횟수,Q12. 숙박형 방문기록 — 최대 15슬롯 (지역·박수·동반·목적·소비),수치형,100.0,1,범위 1~1,O
435,Q12_6A10,문12-6. 동반유형,Q12. 숙박형 방문기록 — 최대 15슬롯 (지역·박수·동반·목적·소비),범주형(코드),100.0,1,"1=혼자; 2=가족(부모, 배우자, 자녀, 형제); 3=친척; 4=친구/연인; 5=(직장)동료; 6=친목단체/모임(동호회, 종교단체 등); 7=학교 단체(소풍, 수학여행 등); 8=기타",O
436,Q12_6A10_ETC,문12-6. 동반유형_기타내용,Q12. 숙박형 방문기록 — 최대 15슬롯 (지역·박수·동반·목적·소비),삭제됨(전량결측),100.0,0,,O
437,Q12_7A10,문12-7. 방문목적,Q12. 숙박형 방문기록 — 최대 15슬롯 (지역·박수·동반·목적·소비),범주형(코드),100.0,1,"1=휴양 및 휴식을 취하기 위해; 2=건강 증진을 위해; 3=질병 치유를 위해; 4=교육, 학습을 위해; 5=취미 및 레포츠 활동을 위해; 6=친목 활동을 위해; 7=기타",O
438,Q12_7A10_ETC,문12-7. 방문목적_기타내용,Q12. 숙박형 방문기록 — 최대 15슬롯 (지역·박수·동반·목적·소비),삭제됨(전량결측),100.0,0,,O
439,Q12_8A10,문12-8. 1회 기준 1인 평균 소비금액,Q12. 숙박형 방문기록 — 최대 15슬롯 (지역·박수·동반·목적·소비),수치형,100.0,2,범위 7~25,O
440,Q12_2_1A11,문12-2-1. 숙박형 산림휴양.복지활동 방문시기(시기),Q12. 숙박형 방문기록 — 최대 15슬롯 (지역·박수·동반·목적·소비),범주형(코드),100.0,1,1=1월; 2=2월; 3=3월; 4=4월; 5=5월; 6=6월; 7=7월; 8=8월; 9=9월; 10=10월; 11=11월; 12=12월,O
441,Q12_2_2A11,문12-2-2. 숙박형 산림휴양.복지활동 방문시기(주간),Q12. 숙박형 방문기록 — 최대 15슬롯 (지역·박수·동반·목적·소비),범주형(코드),100.0,1,1=주중; 2=주말; 3=공휴일(휴가 포함),O
442,Q12_3A11,문12-3. 숙박형 산림휴양.복지활동 방문지역,Q12. 숙박형 방문기록 — 최대 15슬롯 (지역·박수·동반·목적·소비),범주형(코드),100.0,1,11010=서울 종로구; 11020=서울 중구; 11030=서울 용산구; 11040=서울 성동구; 11050=서울 광진구; 11060=서울 동대문구; 11070=서울 중랑구; 11080=서울 성북구; 11090=서울 강북구; 11100=서울 도봉구; 11110=서울 노원구; 11120=서울 은평구; 11130=서울 서대문구; 11140=서울 마포구; 11150=서울 양천구; 11160=서울 강서구; 11170=서울 구로구; 11180=서울 금천구; 11190=서울 영등포구; 11200=서울 동작구; 11210=서울 관악구; 11220=서울 서초구; 11230=서울 강남구; 11240=서울 송파구; 11250=서울 강동구; 21010=부산 중구; 21020=부산 서구; 21030=부산 동구; 21040=부산 영도구; 21050=부산 부산진구; …=외 231개,O
443,Q12_4A11,문12-4. 지역 선택 이유,Q12. 숙박형 방문기록 — 최대 15슬롯 (지역·박수·동반·목적·소비),범주형(코드),100.0,1,"1=수려한 자연경관; 2=이동 및 교통의 편의성; 3=시설의 편리성, 쾌적성; 4=저렴한 여행경비; 5=다양한 볼거리, 즐길거리, 먹거리; 6=주변 관광지와의 연계성; 7=교육성(교육적 측면); 8=기타",O
444,Q12_4A11_ETC,문12-4. 지역 선택 이유_기타내용,Q12. 숙박형 방문기록 — 최대 15슬롯 (지역·박수·동반·목적·소비),삭제됨(전량결측),100.0,0,,O
445,Q12_5_11A11,문12-5-1. 숙박 일정(박),Q12. 숙박형 방문기록 — 최대 15슬롯 (지역·박수·동반·목적·소비),수치형,100.0,1,범위 1~1,O
446,Q12_5_12A11,문12-5-1. 숙박 일정(일),Q12. 숙박형 방문기록 — 최대 15슬롯 (지역·박수·동반·목적·소비),수치형,100.0,1,범위 2~2,O
447,Q12_5_2A11,문12-5-2. 숙박 횟수,Q12. 숙박형 방문기록 — 최대 15슬롯 (지역·박수·동반·목적·소비),수치형,100.0,1,범위 1~1,O
448,Q12_6A11,문12-6. 동반유형,Q12. 숙박형 방문기록 — 최대 15슬롯 (지역·박수·동반·목적·소비),범주형(코드),100.0,1,"1=혼자; 2=가족(부모, 배우자, 자녀, 형제); 3=친척; 4=친구/연인; 5=(직장)동료; 6=친목단체/모임(동호회, 종교단체 등); 7=학교 단체(소풍, 수학여행 등); 8=기타",O
449,Q12_6A11_ETC,문12-6. 동반유형_기타내용,Q12. 숙박형 방문기록 — 최대 15슬롯 (지역·박수·동반·목적·소비),삭제됨(전량결측),100.0,0,,O
450,Q12_7A11,문12-7. 방문목적,Q12. 숙박형 방문기록 — 최대 15슬롯 (지역·박수·동반·목적·소비),범주형(코드),100.0,1,"1=휴양 및 휴식을 취하기 위해; 2=건강 증진을 위해; 3=질병 치유를 위해; 4=교육, 학습을 위해; 5=취미 및 레포츠 활동을 위해; 6=친목 활동을 위해; 7=기타",O
451,Q12_7A11_ETC,문12-7. 방문목적_기타내용,Q12. 숙박형 방문기록 — 최대 15슬롯 (지역·박수·동반·목적·소비),삭제됨(전량결측),100.0,0,,O
452,Q12_8A11,문12-8. 1회 기준 1인 평균 소비금액,Q12. 숙박형 방문기록 — 최대 15슬롯 (지역·박수·동반·목적·소비),수치형,100.0,1,범위 5~5,O
453,Q12_2_1A12,문12-2-1. 숙박형 산림휴양.복지활동 방문시기(시기),Q12. 숙박형 방문기록 — 최대 15슬롯 (지역·박수·동반·목적·소비),범주형(코드),100.0,1,1=1월; 2=2월; 3=3월; 4=4월; 5=5월; 6=6월; 7=7월; 8=8월; 9=9월; 10=10월; 11=11월; 12=12월,O
454,Q12_2_2A12,문12-2-2. 숙박형 산림휴양.복지활동 방문시기(주간),Q12. 숙박형 방문기록 — 최대 15슬롯 (지역·박수·동반·목적·소비),범주형(코드),100.0,1,1=주중; 2=주말; 3=공휴일(휴가 포함),O
455,Q12_3A12,문12-3. 숙박형 산림휴양.복지활동 방문지역,Q12. 숙박형 방문기록 — 최대 15슬롯 (지역·박수·동반·목적·소비),범주형(코드),100.0,1,11010=서울 종로구; 11020=서울 중구; 11030=서울 용산구; 11040=서울 성동구; 11050=서울 광진구; 11060=서울 동대문구; 11070=서울 중랑구; 11080=서울 성북구; 11090=서울 강북구; 11100=서울 도봉구; 11110=서울 노원구; 11120=서울 은평구; 11130=서울 서대문구; 11140=서울 마포구; 11150=서울 양천구; 11160=서울 강서구; 11170=서울 구로구; 11180=서울 금천구; 11190=서울 영등포구; 11200=서울 동작구; 11210=서울 관악구; 11220=서울 서초구; 11230=서울 강남구; 11240=서울 송파구; 11250=서울 강동구; 21010=부산 중구; 21020=부산 서구; 21030=부산 동구; 21040=부산 영도구; 21050=부산 부산진구; …=외 231개,O
456,Q12_4A12,문12-4. 지역 선택 이유,Q12. 숙박형 방문기록 — 최대 15슬롯 (지역·박수·동반·목적·소비),범주형(코드),100.0,1,"1=수려한 자연경관; 2=이동 및 교통의 편의성; 3=시설의 편리성, 쾌적성; 4=저렴한 여행경비; 5=다양한 볼거리, 즐길거리, 먹거리; 6=주변 관광지와의 연계성; 7=교육성(교육적 측면); 8=기타",O
457,Q12_4A12_ETC,문12-4. 지역 선택 이유_기타내용,Q12. 숙박형 방문기록 — 최대 15슬롯 (지역·박수·동반·목적·소비),삭제됨(전량결측),100.0,0,,O
458,Q12_5_11A12,문12-5-1. 숙박 일정(박),Q12. 숙박형 방문기록 — 최대 15슬롯 (지역·박수·동반·목적·소비),수치형,100.0,1,범위 1~1,O
459,Q12_5_12A12,문12-5-1. 숙박 일정(일),Q12. 숙박형 방문기록 — 최대 15슬롯 (지역·박수·동반·목적·소비),수치형,100.0,1,범위 2~2,O
460,Q12_5_2A12,문12-5-2. 숙박 횟수,Q12. 숙박형 방문기록 — 최대 15슬롯 (지역·박수·동반·목적·소비),수치형,100.0,1,범위 1~1,O
461,Q12_6A12,문12-6. 동반유형,Q12. 숙박형 방문기록 — 최대 15슬롯 (지역·박수·동반·목적·소비),범주형(코드),100.0,1,"1=혼자; 2=가족(부모, 배우자, 자녀, 형제); 3=친척; 4=친구/연인; 5=(직장)동료; 6=친목단체/모임(동호회, 종교단체 등); 7=학교 단체(소풍, 수학여행 등); 8=기타",O
462,Q12_6A12_ETC,문12-6. 동반유형_기타내용,Q12. 숙박형 방문기록 — 최대 15슬롯 (지역·박수·동반·목적·소비),삭제됨(전량결측),100.0,0,,O
463,Q12_7A12,문12-7. 방문목적,Q12. 숙박형 방문기록 — 최대 15슬롯 (지역·박수·동반·목적·소비),범주형(코드),100.0,1,"1=휴양 및 휴식을 취하기 위해; 2=건강 증진을 위해; 3=질병 치유를 위해; 4=교육, 학습을 위해; 5=취미 및 레포츠 활동을 위해; 6=친목 활동을 위해; 7=기타",O
464,Q12_7A12_ETC,문12-7. 방문목적_기타내용,Q12. 숙박형 방문기록 — 최대 15슬롯 (지역·박수·동반·목적·소비),삭제됨(전량결측),100.0,0,,O
465,Q12_8A12,문12-8. 1회 기준 1인 평균 소비금액,Q12. 숙박형 방문기록 — 최대 15슬롯 (지역·박수·동반·목적·소비),수치형,100.0,1,범위 6~6,O
466,Q12_2_1A13,문12-2-1. 숙박형 산림휴양.복지활동 방문시기(시기),Q12. 숙박형 방문기록 — 최대 15슬롯 (지역·박수·동반·목적·소비),삭제됨(전량결측),100.0,0,1=1월; 2=2월; 3=3월; 4=4월; 5=5월; 6=6월; 7=7월; 8=8월; 9=9월; 10=10월; 11=11월; 12=12월,O
467,Q12_2_2A13,문12-2-2. 숙박형 산림휴양.복지활동 방문시기(주간),Q12. 숙박형 방문기록 — 최대 15슬롯 (지역·박수·동반·목적·소비),삭제됨(전량결측),100.0,0,1=주중; 2=주말; 3=공휴일(휴가 포함),O
468,Q12_3A13,문12-3. 숙박형 산림휴양.복지활동 방문지역,Q12. 숙박형 방문기록 — 최대 15슬롯 (지역·박수·동반·목적·소비),삭제됨(전량결측),100.0,0,11010=서울 종로구; 11020=서울 중구; 11030=서울 용산구; 11040=서울 성동구; 11050=서울 광진구; 11060=서울 동대문구; 11070=서울 중랑구; 11080=서울 성북구; 11090=서울 강북구; 11100=서울 도봉구; 11110=서울 노원구; 11120=서울 은평구; 11130=서울 서대문구; 11140=서울 마포구; 11150=서울 양천구; 11160=서울 강서구; 11170=서울 구로구; 11180=서울 금천구; 11190=서울 영등포구; 11200=서울 동작구; 11210=서울 관악구; 11220=서울 서초구; 11230=서울 강남구; 11240=서울 송파구; 11250=서울 강동구; 21010=부산 중구; 21020=부산 서구; 21030=부산 동구; 21040=부산 영도구; 21050=부산 부산진구; …=외 231개,O
469,Q12_4A13,문12-4. 지역 선택 이유,Q12. 숙박형 방문기록 — 최대 15슬롯 (지역·박수·동반·목적·소비),삭제됨(전량결측),100.0,0,"1=수려한 자연경관; 2=이동 및 교통의 편의성; 3=시설의 편리성, 쾌적성; 4=저렴한 여행경비; 5=다양한 볼거리, 즐길거리, 먹거리; 6=주변 관광지와의 연계성; 7=교육성(교육적 측면); 8=기타",O
470,Q12_4A13_ETC,문12-4. 지역 선택 이유_기타내용,Q12. 숙박형 방문기록 — 최대 15슬롯 (지역·박수·동반·목적·소비),삭제됨(전량결측),100.0,0,,O
471,Q12_5_11A13,문12-5-1. 숙박 일정(박),Q12. 숙박형 방문기록 — 최대 15슬롯 (지역·박수·동반·목적·소비),삭제됨(전량결측),100.0,0,,O
472,Q12_5_12A13,문12-5-1. 숙박 일정(일),Q12. 숙박형 방문기록 — 최대 15슬롯 (지역·박수·동반·목적·소비),삭제됨(전량결측),100.0,0,,O
473,Q12_5_2A13,문12-5-2. 숙박 횟수,Q12. 숙박형 방문기록 — 최대 15슬롯 (지역·박수·동반·목적·소비),삭제됨(전량결측),100.0,0,,O
474,Q12_6A13,문12-6. 동반유형,Q12. 숙박형 방문기록 — 최대 15슬롯 (지역·박수·동반·목적·소비),삭제됨(전량결측),100.0,0,"1=혼자; 2=가족(부모, 배우자, 자녀, 형제); 3=친척; 4=친구/연인; 5=(직장)동료; 6=친목단체/모임(동호회, 종교단체 등); 7=학교 단체(소풍, 수학여행 등); 8=기타",O
475,Q12_6A13_ETC,문12-6. 동반유형_기타내용,Q12. 숙박형 방문기록 — 최대 15슬롯 (지역·박수·동반·목적·소비),삭제됨(전량결측),100.0,0,,O
476,Q12_7A13,문12-7. 방문목적,Q12. 숙박형 방문기록 — 최대 15슬롯 (지역·박수·동반·목적·소비),삭제됨(전량결측),100.0,0,"1=휴양 및 휴식을 취하기 위해; 2=건강 증진을 위해; 3=질병 치유를 위해; 4=교육, 학습을 위해; 5=취미 및 레포츠 활동을 위해; 6=친목 활동을 위해; 7=기타",O
477,Q12_7A13_ETC,문12-7. 방문목적_기타내용,Q12. 숙박형 방문기록 — 최대 15슬롯 (지역·박수·동반·목적·소비),삭제됨(전량결측),100.0,0,,O
478,Q12_8A13,문12-8. 1회 기준 1인 평균 소비금액,Q12. 숙박형 방문기록 — 최대 15슬롯 (지역·박수·동반·목적·소비),삭제됨(전량결측),100.0,0,,O
479,Q12_2_1A14,문12-2-1. 숙박형 산림휴양.복지활동 방문시기(시기),Q12. 숙박형 방문기록 — 최대 15슬롯 (지역·박수·동반·목적·소비),삭제됨(전량결측),100.0,0,1=1월; 2=2월; 3=3월; 4=4월; 5=5월; 6=6월; 7=7월; 8=8월; 9=9월; 10=10월; 11=11월; 12=12월,O
480,Q12_2_2A14,문12-2-2. 숙박형 산림휴양.복지활동 방문시기(주간),Q12. 숙박형 방문기록 — 최대 15슬롯 (지역·박수·동반·목적·소비),삭제됨(전량결측),100.0,0,1=주중; 2=주말; 3=공휴일(휴가 포함),O
481,Q12_3A14,문12-3. 숙박형 산림휴양.복지활동 방문지역,Q12. 숙박형 방문기록 — 최대 15슬롯 (지역·박수·동반·목적·소비),삭제됨(전량결측),100.0,0,11010=서울 종로구; 11020=서울 중구; 11030=서울 용산구; 11040=서울 성동구; 11050=서울 광진구; 11060=서울 동대문구; 11070=서울 중랑구; 11080=서울 성북구; 11090=서울 강북구; 11100=서울 도봉구; 11110=서울 노원구; 11120=서울 은평구; 11130=서울 서대문구; 11140=서울 마포구; 11150=서울 양천구; 11160=서울 강서구; 11170=서울 구로구; 11180=서울 금천구; 11190=서울 영등포구; 11200=서울 동작구; 11210=서울 관악구; 11220=서울 서초구; 11230=서울 강남구; 11240=서울 송파구; 11250=서울 강동구; 21010=부산 중구; 21020=부산 서구; 21030=부산 동구; 21040=부산 영도구; 21050=부산 부산진구; …=외 231개,O
482,Q12_4A14,문12-4. 지역 선택 이유,Q12. 숙박형 방문기록 — 최대 15슬롯 (지역·박수·동반·목적·소비),삭제됨(전량결측),100.0,0,"1=수려한 자연경관; 2=이동 및 교통의 편의성; 3=시설의 편리성, 쾌적성; 4=저렴한 여행경비; 5=다양한 볼거리, 즐길거리, 먹거리; 6=주변 관광지와의 연계성; 7=교육성(교육적 측면); 8=기타",O
483,Q12_4A14_ETC,문12-4. 지역 선택 이유_기타내용,Q12. 숙박형 방문기록 — 최대 15슬롯 (지역·박수·동반·목적·소비),삭제됨(전량결측),100.0,0,,O
484,Q12_5_11A14,문12-5-1. 숙박 일정(박),Q12. 숙박형 방문기록 — 최대 15슬롯 (지역·박수·동반·목적·소비),삭제됨(전량결측),100.0,0,,O
485,Q12_5_12A14,문12-5-1. 숙박 일정(일),Q12. 숙박형 방문기록 — 최대 15슬롯 (지역·박수·동반·목적·소비),삭제됨(전량결측),100.0,0,,O
486,Q12_5_2A14,문12-5-2. 숙박 횟수,Q12. 숙박형 방문기록 — 최대 15슬롯 (지역·박수·동반·목적·소비),삭제됨(전량결측),100.0,0,,O
487,Q12_6A14,문12-6. 동반유형,Q12. 숙박형 방문기록 — 최대 15슬롯 (지역·박수·동반·목적·소비),삭제됨(전량결측),100.0,0,"1=혼자; 2=가족(부모, 배우자, 자녀, 형제); 3=친척; 4=친구/연인; 5=(직장)동료; 6=친목단체/모임(동호회, 종교단체 등); 7=학교 단체(소풍, 수학여행 등); 8=기타",O
488,Q12_6A14_ETC,문12-6. 동반유형_기타내용,Q12. 숙박형 방문기록 — 최대 15슬롯 (지역·박수·동반·목적·소비),삭제됨(전량결측),100.0,0,,O
489,Q12_7A14,문12-7. 방문목적,Q12. 숙박형 방문기록 — 최대 15슬롯 (지역·박수·동반·목적·소비),삭제됨(전량결측),100.0,0,"1=휴양 및 휴식을 취하기 위해; 2=건강 증진을 위해; 3=질병 치유를 위해; 4=교육, 학습을 위해; 5=취미 및 레포츠 활동을 위해; 6=친목 활동을 위해; 7=기타",O
490,Q12_7A14_ETC,문12-7. 방문목적_기타내용,Q12. 숙박형 방문기록 — 최대 15슬롯 (지역·박수·동반·목적·소비),삭제됨(전량결측),100.0,0,,O
491,Q12_8A14,문12-8. 1회 기준 1인 평균 소비금액,Q12. 숙박형 방문기록 — 최대 15슬롯 (지역·박수·동반·목적·소비),삭제됨(전량결측),100.0,0,,O
492,Q12_2_1A15,문12-2-1. 숙박형 산림휴양.복지활동 방문시기(시기),Q12. 숙박형 방문기록 — 최대 15슬롯 (지역·박수·동반·목적·소비),삭제됨(전량결측),100.0,0,1=1월; 2=2월; 3=3월; 4=4월; 5=5월; 6=6월; 7=7월; 8=8월; 9=9월; 10=10월; 11=11월; 12=12월,O
493,Q12_2_2A15,문12-2-2. 숙박형 산림휴양.복지활동 방문시기(주간),Q12. 숙박형 방문기록 — 최대 15슬롯 (지역·박수·동반·목적·소비),삭제됨(전량결측),100.0,0,1=주중; 2=주말; 3=공휴일(휴가 포함),O
494,Q12_3A15,문12-3. 숙박형 산림휴양.복지활동 방문지역,Q12. 숙박형 방문기록 — 최대 15슬롯 (지역·박수·동반·목적·소비),삭제됨(전량결측),100.0,0,11010=서울 종로구; 11020=서울 중구; 11030=서울 용산구; 11040=서울 성동구; 11050=서울 광진구; 11060=서울 동대문구; 11070=서울 중랑구; 11080=서울 성북구; 11090=서울 강북구; 11100=서울 도봉구; 11110=서울 노원구; 11120=서울 은평구; 11130=서울 서대문구; 11140=서울 마포구; 11150=서울 양천구; 11160=서울 강서구; 11170=서울 구로구; 11180=서울 금천구; 11190=서울 영등포구; 11200=서울 동작구; 11210=서울 관악구; 11220=서울 서초구; 11230=서울 강남구; 11240=서울 송파구; 11250=서울 강동구; 21010=부산 중구; 21020=부산 서구; 21030=부산 동구; 21040=부산 영도구; 21050=부산 부산진구; …=외 231개,O
495,Q12_4A15,문12-4. 지역 선택 이유,Q12. 숙박형 방문기록 — 최대 15슬롯 (지역·박수·동반·목적·소비),삭제됨(전량결측),100.0,0,"1=수려한 자연경관; 2=이동 및 교통의 편의성; 3=시설의 편리성, 쾌적성; 4=저렴한 여행경비; 5=다양한 볼거리, 즐길거리, 먹거리; 6=주변 관광지와의 연계성; 7=교육성(교육적 측면); 8=기타",O
496,Q12_4A15_ETC,문12-4. 지역 선택 이유_기타내용,Q12. 숙박형 방문기록 — 최대 15슬롯 (지역·박수·동반·목적·소비),삭제됨(전량결측),100.0,0,,O
497,Q12_5_11A15,문12-5-1. 숙박 일정(박),Q12. 숙박형 방문기록 — 최대 15슬롯 (지역·박수·동반·목적·소비),삭제됨(전량결측),100.0,0,,O
498,Q12_5_12A15,문12-5-1. 숙박 일정(일),Q12. 숙박형 방문기록 — 최대 15슬롯 (지역·박수·동반·목적·소비),삭제됨(전량결측),100.0,0,,O
499,Q12_5_2A15,문12-5-2. 숙박 횟수,Q12. 숙박형 방문기록 — 최대 15슬롯 (지역·박수·동반·목적·소비),삭제됨(전량결측),100.0,0,,O
500,Q12_6A15,문12-6. 동반유형,Q12. 숙박형 방문기록 — 최대 15슬롯 (지역·박수·동반·목적·소비),삭제됨(전량결측),100.0,0,"1=혼자; 2=가족(부모, 배우자, 자녀, 형제); 3=친척; 4=친구/연인; 5=(직장)동료; 6=친목단체/모임(동호회, 종교단체 등); 7=학교 단체(소풍, 수학여행 등); 8=기타",O
501,Q12_6A15_ETC,문12-6. 동반유형_기타내용,Q12. 숙박형 방문기록 — 최대 15슬롯 (지역·박수·동반·목적·소비),삭제됨(전량결측),100.0,0,,O
502,Q12_7A15,문12-7. 방문목적,Q12. 숙박형 방문기록 — 최대 15슬롯 (지역·박수·동반·목적·소비),삭제됨(전량결측),100.0,0,"1=휴양 및 휴식을 취하기 위해; 2=건강 증진을 위해; 3=질병 치유를 위해; 4=교육, 학습을 위해; 5=취미 및 레포츠 활동을 위해; 6=친목 활동을 위해; 7=기타",O
503,Q12_7A15_ETC,문12-7. 방문목적_기타내용,Q12. 숙박형 방문기록 — 최대 15슬롯 (지역·박수·동반·목적·소비),삭제됨(전량결측),100.0,0,,O
504,Q12_8A15,문12-8. 1회 기준 1인 평균 소비금액,Q12. 숙박형 방문기록 — 최대 15슬롯 (지역·박수·동반·목적·소비),삭제됨(전량결측),100.0,0,,O
505,Q13,문13. 숙박형 산림휴양.복지활동 숙박시설,Q13. 산림복지시설 방문 경험,범주형(코드),70.3,9,"1=자연휴양림, 산림교육센터 등; 2=산촌마을, 민박; 3=숲속야영장, 야영장 등; 4=호텔, 콘도미니엄, 유스호스텔; 5=모텔, 여관; 6=펜션; 7=가족, 친지숙박; 8=연수원, 수련원; 9=기타",O
506,Q13_ETC,문13. 숙박형 산림휴양.복지활동 숙박시설_기타내용,Q13. 산림복지시설 방문 경험,자유응답,100.0,2,스파 사우나 / 사찰,O
507,Q14,문14. 당일형 또는 숙박형 산림휴양.복지활동 정보습득 경로,Q14. 산림복지 프로그램 참여 경험,범주형(코드),36.2,7,"1=지인/가족 추천; 2=인터넷 카페/블로그; 3=포털사이트(다음, 네이버 등); 4=방송/신문/라디오매체; 5=SNS(페이스북, 유튜브 등); 6=관련 기관/시설 홈페이지; 7=기타",
508,Q14_ETC,문14. 당일형 또는 숙박형 산림휴양.복지활동 정보습득 경로_기타내용,Q14. 산림복지 프로그램 참여 경험,자유응답,99.8,5,과거방문경험 / 수학여행 / 학원,
509,Q15,문15. 당일형 또는 숙박형 산림휴양.복지활동 시 반려동물 동반 여부,Q15. 산림복지서비스 이용권,범주형(코드),36.2,2,1=반려동물 동반 경험 있음; 2=반려동물 동반 경험 없음,
510,Q15A1,문15. 당일형 또는 숙박형 산림휴양.복지활동 시 반려동물 동반 여부(당일/숙박 유형),기타,범주형(코드),96.9,1,1=당일형; 2=숙박형,
511,Q15A2,문15. 당일형 또는 숙박형 산림휴양.복지활동 시 반려동물 동반 여부(당일/숙박 유형),기타,범주형(코드),98.5,1,1=당일형; 2=숙박형,
512,Q16A1,문16. 당일형 산림휴양.복지활동 만족도,Q16. 당일/숙박형 — 만족도,범주형(코드),46.5,11,0=ⓞ 매우 불만족; 1=①; 2=②; 3=③; 4=④; 5=⑤ 보통; 6=⑥; 7=⑦; 8=⑧; 9=⑨; 10=⑩ 매우 만족,O
513,Q16A2,문16. 숙박형 산림휴양.복지활동 만족도,Q16. 당일/숙박형 — 만족도,범주형(코드),70.3,9,0=ⓞ 매우 불만족; 1=①; 2=②; 3=③; 4=④; 5=⑤ 보통; 6=⑥; 7=⑦; 8=⑧; 9=⑨; 10=⑩ 매우 만족,O
514,Q17A1,문17. 향후 1년 이내 경험 의향,Q17. 향후 참여 의향 활동 (29종 다중선택) — ★9장 예측 타깃,범주형(코드),75.0,1,"1=등산; 2=하이킹(산책); 3=트레킹; 4=오리엔티어링, 지오캐싱; 5=소풍(피크닉); 6=야영(캠핑); 7=백패킹(배낭도보여행); 8=동식물 관찰 및 학습; 9=자연풍경감상; 10=명소탐방; 11=산나물 등 임산물 수확체험; 12=나무심기, 숲가꾸기 작업체험; 13=산림체조; 14=산림욕; 15=목재공작(목공예); 16=숲속생활 체험; 17=산악마라톤; 18=산악스키(스노슈잉 포함); 19=산악자전거 타기; 20=행글라이딩 및 패러글라이딩; 21=래프팅, 계곡물놀이 등 수상활동; 22=산악승마; 23=동굴탐험, 계곡탐험; 24=암벽 및 빙벽타기; 25=숲속 족욕 및 스파; 26=숲속 문화공연 체험 .관람; 27=로프체험(짚라인 등); 28=별 관찰; 29=기타; 999999999=없음",O
515,Q17A2,문17. 향후 1년 이내 경험 의향,Q17. 향후 참여 의향 활동 (29종 다중선택) — ★9장 예측 타깃,범주형(코드),67.5,1,"1=등산; 2=하이킹(산책); 3=트레킹; 4=오리엔티어링, 지오캐싱; 5=소풍(피크닉); 6=야영(캠핑); 7=백패킹(배낭도보여행); 8=동식물 관찰 및 학습; 9=자연풍경감상; 10=명소탐방; 11=산나물 등 임산물 수확체험; 12=나무심기, 숲가꾸기 작업체험; 13=산림체조; 14=산림욕; 15=목재공작(목공예); 16=숲속생활 체험; 17=산악마라톤; 18=산악스키(스노슈잉 포함); 19=산악자전거 타기; 20=행글라이딩 및 패러글라이딩; 21=래프팅, 계곡물놀이 등 수상활동; 22=산악승마; 23=동굴탐험, 계곡탐험; 24=암벽 및 빙벽타기; 25=숲속 족욕 및 스파; 26=숲속 문화공연 체험 .관람; 27=로프체험(짚라인 등); 28=별 관찰; 29=기타; 999999999=없음",O
516,Q17A3,문17. 향후 1년 이내 경험 의향,Q17. 향후 참여 의향 활동 (29종 다중선택) — ★9장 예측 타깃,범주형(코드),87.6,1,"1=등산; 2=하이킹(산책); 3=트레킹; 4=오리엔티어링, 지오캐싱; 5=소풍(피크닉); 6=야영(캠핑); 7=백패킹(배낭도보여행); 8=동식물 관찰 및 학습; 9=자연풍경감상; 10=명소탐방; 11=산나물 등 임산물 수확체험; 12=나무심기, 숲가꾸기 작업체험; 13=산림체조; 14=산림욕; 15=목재공작(목공예); 16=숲속생활 체험; 17=산악마라톤; 18=산악스키(스노슈잉 포함); 19=산악자전거 타기; 20=행글라이딩 및 패러글라이딩; 21=래프팅, 계곡물놀이 등 수상활동; 22=산악승마; 23=동굴탐험, 계곡탐험; 24=암벽 및 빙벽타기; 25=숲속 족욕 및 스파; 26=숲속 문화공연 체험 .관람; 27=로프체험(짚라인 등); 28=별 관찰; 29=기타; 999999999=없음",O
517,Q17A4,문17. 향후 1년 이내 경험 의향,Q17. 향후 참여 의향 활동 (29종 다중선택) — ★9장 예측 타깃,범주형(코드),99.0,1,"1=등산; 2=하이킹(산책); 3=트레킹; 4=오리엔티어링, 지오캐싱; 5=소풍(피크닉); 6=야영(캠핑); 7=백패킹(배낭도보여행); 8=동식물 관찰 및 학습; 9=자연풍경감상; 10=명소탐방; 11=산나물 등 임산물 수확체험; 12=나무심기, 숲가꾸기 작업체험; 13=산림체조; 14=산림욕; 15=목재공작(목공예); 16=숲속생활 체험; 17=산악마라톤; 18=산악스키(스노슈잉 포함); 19=산악자전거 타기; 20=행글라이딩 및 패러글라이딩; 21=래프팅, 계곡물놀이 등 수상활동; 22=산악승마; 23=동굴탐험, 계곡탐험; 24=암벽 및 빙벽타기; 25=숲속 족욕 및 스파; 26=숲속 문화공연 체험 .관람; 27=로프체험(짚라인 등); 28=별 관찰; 29=기타; 999999999=없음",O
518,Q17A5,문17. 향후 1년 이내 경험 의향,Q17. 향후 참여 의향 활동 (29종 다중선택) — ★9장 예측 타깃,범주형(코드),85.4,1,"1=등산; 2=하이킹(산책); 3=트레킹; 4=오리엔티어링, 지오캐싱; 5=소풍(피크닉); 6=야영(캠핑); 7=백패킹(배낭도보여행); 8=동식물 관찰 및 학습; 9=자연풍경감상; 10=명소탐방; 11=산나물 등 임산물 수확체험; 12=나무심기, 숲가꾸기 작업체험; 13=산림체조; 14=산림욕; 15=목재공작(목공예); 16=숲속생활 체험; 17=산악마라톤; 18=산악스키(스노슈잉 포함); 19=산악자전거 타기; 20=행글라이딩 및 패러글라이딩; 21=래프팅, 계곡물놀이 등 수상활동; 22=산악승마; 23=동굴탐험, 계곡탐험; 24=암벽 및 빙벽타기; 25=숲속 족욕 및 스파; 26=숲속 문화공연 체험 .관람; 27=로프체험(짚라인 등); 28=별 관찰; 29=기타; 999999999=없음",O
519,Q17A6,문17. 향후 1년 이내 경험 의향,Q17. 향후 참여 의향 활동 (29종 다중선택) — ★9장 예측 타깃,범주형(코드),83.0,1,"1=등산; 2=하이킹(산책); 3=트레킹; 4=오리엔티어링, 지오캐싱; 5=소풍(피크닉); 6=야영(캠핑); 7=백패킹(배낭도보여행); 8=동식물 관찰 및 학습; 9=자연풍경감상; 10=명소탐방; 11=산나물 등 임산물 수확체험; 12=나무심기, 숲가꾸기 작업체험; 13=산림체조; 14=산림욕; 15=목재공작(목공예); 16=숲속생활 체험; 17=산악마라톤; 18=산악스키(스노슈잉 포함); 19=산악자전거 타기; 20=행글라이딩 및 패러글라이딩; 21=래프팅, 계곡물놀이 등 수상활동; 22=산악승마; 23=동굴탐험, 계곡탐험; 24=암벽 및 빙벽타기; 25=숲속 족욕 및 스파; 26=숲속 문화공연 체험 .관람; 27=로프체험(짚라인 등); 28=별 관찰; 29=기타; 999999999=없음",O
520,Q17A7,문17. 향후 1년 이내 경험 의향,Q17. 향후 참여 의향 활동 (29종 다중선택) — ★9장 예측 타깃,범주형(코드),97.8,1,"1=등산; 2=하이킹(산책); 3=트레킹; 4=오리엔티어링, 지오캐싱; 5=소풍(피크닉); 6=야영(캠핑); 7=백패킹(배낭도보여행); 8=동식물 관찰 및 학습; 9=자연풍경감상; 10=명소탐방; 11=산나물 등 임산물 수확체험; 12=나무심기, 숲가꾸기 작업체험; 13=산림체조; 14=산림욕; 15=목재공작(목공예); 16=숲속생활 체험; 17=산악마라톤; 18=산악스키(스노슈잉 포함); 19=산악자전거 타기; 20=행글라이딩 및 패러글라이딩; 21=래프팅, 계곡물놀이 등 수상활동; 22=산악승마; 23=동굴탐험, 계곡탐험; 24=암벽 및 빙벽타기; 25=숲속 족욕 및 스파; 26=숲속 문화공연 체험 .관람; 27=로프체험(짚라인 등); 28=별 관찰; 29=기타; 999999999=없음",O
521,Q17A8,문17. 향후 1년 이내 경험 의향,Q17. 향후 참여 의향 활동 (29종 다중선택) — ★9장 예측 타깃,범주형(코드),95.9,1,"1=등산; 2=하이킹(산책); 3=트레킹; 4=오리엔티어링, 지오캐싱; 5=소풍(피크닉); 6=야영(캠핑); 7=백패킹(배낭도보여행); 8=동식물 관찰 및 학습; 9=자연풍경감상; 10=명소탐방; 11=산나물 등 임산물 수확체험; 12=나무심기, 숲가꾸기 작업체험; 13=산림체조; 14=산림욕; 15=목재공작(목공예); 16=숲속생활 체험; 17=산악마라톤; 18=산악스키(스노슈잉 포함); 19=산악자전거 타기; 20=행글라이딩 및 패러글라이딩; 21=래프팅, 계곡물놀이 등 수상활동; 22=산악승마; 23=동굴탐험, 계곡탐험; 24=암벽 및 빙벽타기; 25=숲속 족욕 및 스파; 26=숲속 문화공연 체험 .관람; 27=로프체험(짚라인 등); 28=별 관찰; 29=기타; 999999999=없음",O
522,Q17A9,문17. 향후 1년 이내 경험 의향,Q17. 향후 참여 의향 활동 (29종 다중선택) — ★9장 예측 타깃,범주형(코드),55.6,1,"1=등산; 2=하이킹(산책); 3=트레킹; 4=오리엔티어링, 지오캐싱; 5=소풍(피크닉); 6=야영(캠핑); 7=백패킹(배낭도보여행); 8=동식물 관찰 및 학습; 9=자연풍경감상; 10=명소탐방; 11=산나물 등 임산물 수확체험; 12=나무심기, 숲가꾸기 작업체험; 13=산림체조; 14=산림욕; 15=목재공작(목공예); 16=숲속생활 체험; 17=산악마라톤; 18=산악스키(스노슈잉 포함); 19=산악자전거 타기; 20=행글라이딩 및 패러글라이딩; 21=래프팅, 계곡물놀이 등 수상활동; 22=산악승마; 23=동굴탐험, 계곡탐험; 24=암벽 및 빙벽타기; 25=숲속 족욕 및 스파; 26=숲속 문화공연 체험 .관람; 27=로프체험(짚라인 등); 28=별 관찰; 29=기타; 999999999=없음",O
523,Q17A10,문17. 향후 1년 이내 경험 의향,Q17. 향후 참여 의향 활동 (29종 다중선택) — ★9장 예측 타깃,범주형(코드),70.6,1,"1=등산; 2=하이킹(산책); 3=트레킹; 4=오리엔티어링, 지오캐싱; 5=소풍(피크닉); 6=야영(캠핑); 7=백패킹(배낭도보여행); 8=동식물 관찰 및 학습; 9=자연풍경감상; 10=명소탐방; 11=산나물 등 임산물 수확체험; 12=나무심기, 숲가꾸기 작업체험; 13=산림체조; 14=산림욕; 15=목재공작(목공예); 16=숲속생활 체험; 17=산악마라톤; 18=산악스키(스노슈잉 포함); 19=산악자전거 타기; 20=행글라이딩 및 패러글라이딩; 21=래프팅, 계곡물놀이 등 수상활동; 22=산악승마; 23=동굴탐험, 계곡탐험; 24=암벽 및 빙벽타기; 25=숲속 족욕 및 스파; 26=숲속 문화공연 체험 .관람; 27=로프체험(짚라인 등); 28=별 관찰; 29=기타; 999999999=없음",O
524,Q17A11,문17. 향후 1년 이내 경험 의향,Q17. 향후 참여 의향 활동 (29종 다중선택) — ★9장 예측 타깃,범주형(코드),96.7,1,"1=등산; 2=하이킹(산책); 3=트레킹; 4=오리엔티어링, 지오캐싱; 5=소풍(피크닉); 6=야영(캠핑); 7=백패킹(배낭도보여행); 8=동식물 관찰 및 학습; 9=자연풍경감상; 10=명소탐방; 11=산나물 등 임산물 수확체험; 12=나무심기, 숲가꾸기 작업체험; 13=산림체조; 14=산림욕; 15=목재공작(목공예); 16=숲속생활 체험; 17=산악마라톤; 18=산악스키(스노슈잉 포함); 19=산악자전거 타기; 20=행글라이딩 및 패러글라이딩; 21=래프팅, 계곡물놀이 등 수상활동; 22=산악승마; 23=동굴탐험, 계곡탐험; 24=암벽 및 빙벽타기; 25=숲속 족욕 및 스파; 26=숲속 문화공연 체험 .관람; 27=로프체험(짚라인 등); 28=별 관찰; 29=기타; 999999999=없음",O
525,Q17A12,문17. 향후 1년 이내 경험 의향,Q17. 향후 참여 의향 활동 (29종 다중선택) — ★9장 예측 타깃,범주형(코드),98.7,1,"1=등산; 2=하이킹(산책); 3=트레킹; 4=오리엔티어링, 지오캐싱; 5=소풍(피크닉); 6=야영(캠핑); 7=백패킹(배낭도보여행); 8=동식물 관찰 및 학습; 9=자연풍경감상; 10=명소탐방; 11=산나물 등 임산물 수확체험; 12=나무심기, 숲가꾸기 작업체험; 13=산림체조; 14=산림욕; 15=목재공작(목공예); 16=숲속생활 체험; 17=산악마라톤; 18=산악스키(스노슈잉 포함); 19=산악자전거 타기; 20=행글라이딩 및 패러글라이딩; 21=래프팅, 계곡물놀이 등 수상활동; 22=산악승마; 23=동굴탐험, 계곡탐험; 24=암벽 및 빙벽타기; 25=숲속 족욕 및 스파; 26=숲속 문화공연 체험 .관람; 27=로프체험(짚라인 등); 28=별 관찰; 29=기타; 999999999=없음",O
526,Q17A13,문17. 향후 1년 이내 경험 의향,Q17. 향후 참여 의향 활동 (29종 다중선택) — ★9장 예측 타깃,범주형(코드),97.9,1,"1=등산; 2=하이킹(산책); 3=트레킹; 4=오리엔티어링, 지오캐싱; 5=소풍(피크닉); 6=야영(캠핑); 7=백패킹(배낭도보여행); 8=동식물 관찰 및 학습; 9=자연풍경감상; 10=명소탐방; 11=산나물 등 임산물 수확체험; 12=나무심기, 숲가꾸기 작업체험; 13=산림체조; 14=산림욕; 15=목재공작(목공예); 16=숲속생활 체험; 17=산악마라톤; 18=산악스키(스노슈잉 포함); 19=산악자전거 타기; 20=행글라이딩 및 패러글라이딩; 21=래프팅, 계곡물놀이 등 수상활동; 22=산악승마; 23=동굴탐험, 계곡탐험; 24=암벽 및 빙벽타기; 25=숲속 족욕 및 스파; 26=숲속 문화공연 체험 .관람; 27=로프체험(짚라인 등); 28=별 관찰; 29=기타; 999999999=없음",O
527,Q17A14,문17. 향후 1년 이내 경험 의향,Q17. 향후 참여 의향 활동 (29종 다중선택) — ★9장 예측 타깃,범주형(코드),88.0,1,"1=등산; 2=하이킹(산책); 3=트레킹; 4=오리엔티어링, 지오캐싱; 5=소풍(피크닉); 6=야영(캠핑); 7=백패킹(배낭도보여행); 8=동식물 관찰 및 학습; 9=자연풍경감상; 10=명소탐방; 11=산나물 등 임산물 수확체험; 12=나무심기, 숲가꾸기 작업체험; 13=산림체조; 14=산림욕; 15=목재공작(목공예); 16=숲속생활 체험; 17=산악마라톤; 18=산악스키(스노슈잉 포함); 19=산악자전거 타기; 20=행글라이딩 및 패러글라이딩; 21=래프팅, 계곡물놀이 등 수상활동; 22=산악승마; 23=동굴탐험, 계곡탐험; 24=암벽 및 빙벽타기; 25=숲속 족욕 및 스파; 26=숲속 문화공연 체험 .관람; 27=로프체험(짚라인 등); 28=별 관찰; 29=기타; 999999999=없음",O
528,Q17A15,문17. 향후 1년 이내 경험 의향,Q17. 향후 참여 의향 활동 (29종 다중선택) — ★9장 예측 타깃,범주형(코드),98.9,1,"1=등산; 2=하이킹(산책); 3=트레킹; 4=오리엔티어링, 지오캐싱; 5=소풍(피크닉); 6=야영(캠핑); 7=백패킹(배낭도보여행); 8=동식물 관찰 및 학습; 9=자연풍경감상; 10=명소탐방; 11=산나물 등 임산물 수확체험; 12=나무심기, 숲가꾸기 작업체험; 13=산림체조; 14=산림욕; 15=목재공작(목공예); 16=숲속생활 체험; 17=산악마라톤; 18=산악스키(스노슈잉 포함); 19=산악자전거 타기; 20=행글라이딩 및 패러글라이딩; 21=래프팅, 계곡물놀이 등 수상활동; 22=산악승마; 23=동굴탐험, 계곡탐험; 24=암벽 및 빙벽타기; 25=숲속 족욕 및 스파; 26=숲속 문화공연 체험 .관람; 27=로프체험(짚라인 등); 28=별 관찰; 29=기타; 999999999=없음",O
529,Q17A16,문17. 향후 1년 이내 경험 의향,Q17. 향후 참여 의향 활동 (29종 다중선택) — ★9장 예측 타깃,범주형(코드),90.9,1,"1=등산; 2=하이킹(산책); 3=트레킹; 4=오리엔티어링, 지오캐싱; 5=소풍(피크닉); 6=야영(캠핑); 7=백패킹(배낭도보여행); 8=동식물 관찰 및 학습; 9=자연풍경감상; 10=명소탐방; 11=산나물 등 임산물 수확체험; 12=나무심기, 숲가꾸기 작업체험; 13=산림체조; 14=산림욕; 15=목재공작(목공예); 16=숲속생활 체험; 17=산악마라톤; 18=산악스키(스노슈잉 포함); 19=산악자전거 타기; 20=행글라이딩 및 패러글라이딩; 21=래프팅, 계곡물놀이 등 수상활동; 22=산악승마; 23=동굴탐험, 계곡탐험; 24=암벽 및 빙벽타기; 25=숲속 족욕 및 스파; 26=숲속 문화공연 체험 .관람; 27=로프체험(짚라인 등); 28=별 관찰; 29=기타; 999999999=없음",O
530,Q17A17,문17. 향후 1년 이내 경험 의향,Q17. 향후 참여 의향 활동 (29종 다중선택) — ★9장 예측 타깃,범주형(코드),99.1,1,"1=등산; 2=하이킹(산책); 3=트레킹; 4=오리엔티어링, 지오캐싱; 5=소풍(피크닉); 6=야영(캠핑); 7=백패킹(배낭도보여행); 8=동식물 관찰 및 학습; 9=자연풍경감상; 10=명소탐방; 11=산나물 등 임산물 수확체험; 12=나무심기, 숲가꾸기 작업체험; 13=산림체조; 14=산림욕; 15=목재공작(목공예); 16=숲속생활 체험; 17=산악마라톤; 18=산악스키(스노슈잉 포함); 19=산악자전거 타기; 20=행글라이딩 및 패러글라이딩; 21=래프팅, 계곡물놀이 등 수상활동; 22=산악승마; 23=동굴탐험, 계곡탐험; 24=암벽 및 빙벽타기; 25=숲속 족욕 및 스파; 26=숲속 문화공연 체험 .관람; 27=로프체험(짚라인 등); 28=별 관찰; 29=기타; 999999999=없음",O
531,Q17A18,문17. 향후 1년 이내 경험 의향,Q17. 향후 참여 의향 활동 (29종 다중선택) — ★9장 예측 타깃,범주형(코드),99.1,1,"1=등산; 2=하이킹(산책); 3=트레킹; 4=오리엔티어링, 지오캐싱; 5=소풍(피크닉); 6=야영(캠핑); 7=백패킹(배낭도보여행); 8=동식물 관찰 및 학습; 9=자연풍경감상; 10=명소탐방; 11=산나물 등 임산물 수확체험; 12=나무심기, 숲가꾸기 작업체험; 13=산림체조; 14=산림욕; 15=목재공작(목공예); 16=숲속생활 체험; 17=산악마라톤; 18=산악스키(스노슈잉 포함); 19=산악자전거 타기; 20=행글라이딩 및 패러글라이딩; 21=래프팅, 계곡물놀이 등 수상활동; 22=산악승마; 23=동굴탐험, 계곡탐험; 24=암벽 및 빙벽타기; 25=숲속 족욕 및 스파; 26=숲속 문화공연 체험 .관람; 27=로프체험(짚라인 등); 28=별 관찰; 29=기타; 999999999=없음",O
532,Q17A19,문17. 향후 1년 이내 경험 의향,Q17. 향후 참여 의향 활동 (29종 다중선택) — ★9장 예측 타깃,범주형(코드),98.6,1,"1=등산; 2=하이킹(산책); 3=트레킹; 4=오리엔티어링, 지오캐싱; 5=소풍(피크닉); 6=야영(캠핑); 7=백패킹(배낭도보여행); 8=동식물 관찰 및 학습; 9=자연풍경감상; 10=명소탐방; 11=산나물 등 임산물 수확체험; 12=나무심기, 숲가꾸기 작업체험; 13=산림체조; 14=산림욕; 15=목재공작(목공예); 16=숲속생활 체험; 17=산악마라톤; 18=산악스키(스노슈잉 포함); 19=산악자전거 타기; 20=행글라이딩 및 패러글라이딩; 21=래프팅, 계곡물놀이 등 수상활동; 22=산악승마; 23=동굴탐험, 계곡탐험; 24=암벽 및 빙벽타기; 25=숲속 족욕 및 스파; 26=숲속 문화공연 체험 .관람; 27=로프체험(짚라인 등); 28=별 관찰; 29=기타; 999999999=없음",O
533,Q17A20,문17. 향후 1년 이내 경험 의향,Q17. 향후 참여 의향 활동 (29종 다중선택) — ★9장 예측 타깃,범주형(코드),95.8,1,"1=등산; 2=하이킹(산책); 3=트레킹; 4=오리엔티어링, 지오캐싱; 5=소풍(피크닉); 6=야영(캠핑); 7=백패킹(배낭도보여행); 8=동식물 관찰 및 학습; 9=자연풍경감상; 10=명소탐방; 11=산나물 등 임산물 수확체험; 12=나무심기, 숲가꾸기 작업체험; 13=산림체조; 14=산림욕; 15=목재공작(목공예); 16=숲속생활 체험; 17=산악마라톤; 18=산악스키(스노슈잉 포함); 19=산악자전거 타기; 20=행글라이딩 및 패러글라이딩; 21=래프팅, 계곡물놀이 등 수상활동; 22=산악승마; 23=동굴탐험, 계곡탐험; 24=암벽 및 빙벽타기; 25=숲속 족욕 및 스파; 26=숲속 문화공연 체험 .관람; 27=로프체험(짚라인 등); 28=별 관찰; 29=기타; 999999999=없음",O
534,Q17A21,문17. 향후 1년 이내 경험 의향,Q17. 향후 참여 의향 활동 (29종 다중선택) — ★9장 예측 타깃,범주형(코드),90.2,1,"1=등산; 2=하이킹(산책); 3=트레킹; 4=오리엔티어링, 지오캐싱; 5=소풍(피크닉); 6=야영(캠핑); 7=백패킹(배낭도보여행); 8=동식물 관찰 및 학습; 9=자연풍경감상; 10=명소탐방; 11=산나물 등 임산물 수확체험; 12=나무심기, 숲가꾸기 작업체험; 13=산림체조; 14=산림욕; 15=목재공작(목공예); 16=숲속생활 체험; 17=산악마라톤; 18=산악스키(스노슈잉 포함); 19=산악자전거 타기; 20=행글라이딩 및 패러글라이딩; 21=래프팅, 계곡물놀이 등 수상활동; 22=산악승마; 23=동굴탐험, 계곡탐험; 24=암벽 및 빙벽타기; 25=숲속 족욕 및 스파; 26=숲속 문화공연 체험 .관람; 27=로프체험(짚라인 등); 28=별 관찰; 29=기타; 999999999=없음",O
535,Q17A22,문17. 향후 1년 이내 경험 의향,Q17. 향후 참여 의향 활동 (29종 다중선택) — ★9장 예측 타깃,범주형(코드),99.2,1,"1=등산; 2=하이킹(산책); 3=트레킹; 4=오리엔티어링, 지오캐싱; 5=소풍(피크닉); 6=야영(캠핑); 7=백패킹(배낭도보여행); 8=동식물 관찰 및 학습; 9=자연풍경감상; 10=명소탐방; 11=산나물 등 임산물 수확체험; 12=나무심기, 숲가꾸기 작업체험; 13=산림체조; 14=산림욕; 15=목재공작(목공예); 16=숲속생활 체험; 17=산악마라톤; 18=산악스키(스노슈잉 포함); 19=산악자전거 타기; 20=행글라이딩 및 패러글라이딩; 21=래프팅, 계곡물놀이 등 수상활동; 22=산악승마; 23=동굴탐험, 계곡탐험; 24=암벽 및 빙벽타기; 25=숲속 족욕 및 스파; 26=숲속 문화공연 체험 .관람; 27=로프체험(짚라인 등); 28=별 관찰; 29=기타; 999999999=없음",O
536,Q17A23,문17. 향후 1년 이내 경험 의향,Q17. 향후 참여 의향 활동 (29종 다중선택) — ★9장 예측 타깃,범주형(코드),96.4,1,"1=등산; 2=하이킹(산책); 3=트레킹; 4=오리엔티어링, 지오캐싱; 5=소풍(피크닉); 6=야영(캠핑); 7=백패킹(배낭도보여행); 8=동식물 관찰 및 학습; 9=자연풍경감상; 10=명소탐방; 11=산나물 등 임산물 수확체험; 12=나무심기, 숲가꾸기 작업체험; 13=산림체조; 14=산림욕; 15=목재공작(목공예); 16=숲속생활 체험; 17=산악마라톤; 18=산악스키(스노슈잉 포함); 19=산악자전거 타기; 20=행글라이딩 및 패러글라이딩; 21=래프팅, 계곡물놀이 등 수상활동; 22=산악승마; 23=동굴탐험, 계곡탐험; 24=암벽 및 빙벽타기; 25=숲속 족욕 및 스파; 26=숲속 문화공연 체험 .관람; 27=로프체험(짚라인 등); 28=별 관찰; 29=기타; 999999999=없음",O
537,Q17A24,문17. 향후 1년 이내 경험 의향,Q17. 향후 참여 의향 활동 (29종 다중선택) — ★9장 예측 타깃,범주형(코드),98.3,1,"1=등산; 2=하이킹(산책); 3=트레킹; 4=오리엔티어링, 지오캐싱; 5=소풍(피크닉); 6=야영(캠핑); 7=백패킹(배낭도보여행); 8=동식물 관찰 및 학습; 9=자연풍경감상; 10=명소탐방; 11=산나물 등 임산물 수확체험; 12=나무심기, 숲가꾸기 작업체험; 13=산림체조; 14=산림욕; 15=목재공작(목공예); 16=숲속생활 체험; 17=산악마라톤; 18=산악스키(스노슈잉 포함); 19=산악자전거 타기; 20=행글라이딩 및 패러글라이딩; 21=래프팅, 계곡물놀이 등 수상활동; 22=산악승마; 23=동굴탐험, 계곡탐험; 24=암벽 및 빙벽타기; 25=숲속 족욕 및 스파; 26=숲속 문화공연 체험 .관람; 27=로프체험(짚라인 등); 28=별 관찰; 29=기타; 999999999=없음",O
538,Q17A25,문17. 향후 1년 이내 경험 의향,Q17. 향후 참여 의향 활동 (29종 다중선택) — ★9장 예측 타깃,범주형(코드),90.3,1,"1=등산; 2=하이킹(산책); 3=트레킹; 4=오리엔티어링, 지오캐싱; 5=소풍(피크닉); 6=야영(캠핑); 7=백패킹(배낭도보여행); 8=동식물 관찰 및 학습; 9=자연풍경감상; 10=명소탐방; 11=산나물 등 임산물 수확체험; 12=나무심기, 숲가꾸기 작업체험; 13=산림체조; 14=산림욕; 15=목재공작(목공예); 16=숲속생활 체험; 17=산악마라톤; 18=산악스키(스노슈잉 포함); 19=산악자전거 타기; 20=행글라이딩 및 패러글라이딩; 21=래프팅, 계곡물놀이 등 수상활동; 22=산악승마; 23=동굴탐험, 계곡탐험; 24=암벽 및 빙벽타기; 25=숲속 족욕 및 스파; 26=숲속 문화공연 체험 .관람; 27=로프체험(짚라인 등); 28=별 관찰; 29=기타; 999999999=없음",O
539,Q17A26,문17. 향후 1년 이내 경험 의향,Q17. 향후 참여 의향 활동 (29종 다중선택) — ★9장 예측 타깃,범주형(코드),94.5,1,"1=등산; 2=하이킹(산책); 3=트레킹; 4=오리엔티어링, 지오캐싱; 5=소풍(피크닉); 6=야영(캠핑); 7=백패킹(배낭도보여행); 8=동식물 관찰 및 학습; 9=자연풍경감상; 10=명소탐방; 11=산나물 등 임산물 수확체험; 12=나무심기, 숲가꾸기 작업체험; 13=산림체조; 14=산림욕; 15=목재공작(목공예); 16=숲속생활 체험; 17=산악마라톤; 18=산악스키(스노슈잉 포함); 19=산악자전거 타기; 20=행글라이딩 및 패러글라이딩; 21=래프팅, 계곡물놀이 등 수상활동; 22=산악승마; 23=동굴탐험, 계곡탐험; 24=암벽 및 빙벽타기; 25=숲속 족욕 및 스파; 26=숲속 문화공연 체험 .관람; 27=로프체험(짚라인 등); 28=별 관찰; 29=기타; 999999999=없음",O
540,Q17A27,문17. 향후 1년 이내 경험 의향,Q17. 향후 참여 의향 활동 (29종 다중선택) — ★9장 예측 타깃,범주형(코드),93.8,1,"1=등산; 2=하이킹(산책); 3=트레킹; 4=오리엔티어링, 지오캐싱; 5=소풍(피크닉); 6=야영(캠핑); 7=백패킹(배낭도보여행); 8=동식물 관찰 및 학습; 9=자연풍경감상; 10=명소탐방; 11=산나물 등 임산물 수확체험; 12=나무심기, 숲가꾸기 작업체험; 13=산림체조; 14=산림욕; 15=목재공작(목공예); 16=숲속생활 체험; 17=산악마라톤; 18=산악스키(스노슈잉 포함); 19=산악자전거 타기; 20=행글라이딩 및 패러글라이딩; 21=래프팅, 계곡물놀이 등 수상활동; 22=산악승마; 23=동굴탐험, 계곡탐험; 24=암벽 및 빙벽타기; 25=숲속 족욕 및 스파; 26=숲속 문화공연 체험 .관람; 27=로프체험(짚라인 등); 28=별 관찰; 29=기타; 999999999=없음",O
541,Q17A28,문17. 향후 1년 이내 경험 의향,Q17. 향후 참여 의향 활동 (29종 다중선택) — ★9장 예측 타깃,범주형(코드),95.3,1,"1=등산; 2=하이킹(산책); 3=트레킹; 4=오리엔티어링, 지오캐싱; 5=소풍(피크닉); 6=야영(캠핑); 7=백패킹(배낭도보여행); 8=동식물 관찰 및 학습; 9=자연풍경감상; 10=명소탐방; 11=산나물 등 임산물 수확체험; 12=나무심기, 숲가꾸기 작업체험; 13=산림체조; 14=산림욕; 15=목재공작(목공예); 16=숲속생활 체험; 17=산악마라톤; 18=산악스키(스노슈잉 포함); 19=산악자전거 타기; 20=행글라이딩 및 패러글라이딩; 21=래프팅, 계곡물놀이 등 수상활동; 22=산악승마; 23=동굴탐험, 계곡탐험; 24=암벽 및 빙벽타기; 25=숲속 족욕 및 스파; 26=숲속 문화공연 체험 .관람; 27=로프체험(짚라인 등); 28=별 관찰; 29=기타; 999999999=없음",O
542,Q17A29,문17. 향후 1년 이내 경험 의향,Q17. 향후 참여 의향 활동 (29종 다중선택) — ★9장 예측 타깃,범주형(코드),100.0,1,"1=등산; 2=하이킹(산책); 3=트레킹; 4=오리엔티어링, 지오캐싱; 5=소풍(피크닉); 6=야영(캠핑); 7=백패킹(배낭도보여행); 8=동식물 관찰 및 학습; 9=자연풍경감상; 10=명소탐방; 11=산나물 등 임산물 수확체험; 12=나무심기, 숲가꾸기 작업체험; 13=산림체조; 14=산림욕; 15=목재공작(목공예); 16=숲속생활 체험; 17=산악마라톤; 18=산악스키(스노슈잉 포함); 19=산악자전거 타기; 20=행글라이딩 및 패러글라이딩; 21=래프팅, 계곡물놀이 등 수상활동; 22=산악승마; 23=동굴탐험, 계곡탐험; 24=암벽 및 빙벽타기; 25=숲속 족욕 및 스파; 26=숲속 문화공연 체험 .관람; 27=로프체험(짚라인 등); 28=별 관찰; 29=기타; 999999999=없음",O
543,Q17_ETC,문17. 향후 1년 이내 경험 의향_기타내용,Q17. 향후 참여 의향 활동 (29종 다중선택) — ★9장 예측 타깃,자유응답,100.0,1,없음,O
544,Q18,문18. 산림휴양.복지활동이 건강에 미치는 영향,Q18. 산림활동의 건강·삶의 질 영향,범주형(코드),43.1,9,0=ⓞ 부정적 영향; 1=①; 2=②; 3=③; 4=④; 5=⑤ 영향 없음; 6=⑥; 7=⑦; 8=⑧; 9=⑨; 10=⑩ 긍정적 영향,O
545,Q19_1A1,문19-1. 알고 있거나 들어본 적 있는 산림휴양.복지 프로그램,Q19. 산림복지 프로그램 — 인지·이용·예약·이용권·의향(5단계),범주형(코드),26.0,2,1=산림치유 프로그램; 2=숲해설 프로그램; 3=유아숲체험 프로그램; 4=숲길체험 프로그램; 5=산림레포츠체험 프로그램; 9=없음; 999999999=없음,
546,Q19_1A2,문19-1. 알고 있거나 들어본 적 있는 산림휴양.복지 프로그램,Q19. 산림복지 프로그램 — 인지·이용·예약·이용권·의향(5단계),범주형(코드),40.6,1,1=산림치유 프로그램; 2=숲해설 프로그램; 3=유아숲체험 프로그램; 4=숲길체험 프로그램; 5=산림레포츠체험 프로그램; 9=없음; 999999999=없음,
547,Q19_1A3,문19-1. 알고 있거나 들어본 적 있는 산림휴양.복지 프로그램,Q19. 산림복지 프로그램 — 인지·이용·예약·이용권·의향(5단계),범주형(코드),74.4,1,1=산림치유 프로그램; 2=숲해설 프로그램; 3=유아숲체험 프로그램; 4=숲길체험 프로그램; 5=산림레포츠체험 프로그램; 9=없음; 999999999=없음,
548,Q19_1A4,문19-1. 알고 있거나 들어본 적 있는 산림휴양.복지 프로그램,Q19. 산림복지 프로그램 — 인지·이용·예약·이용권·의향(5단계),범주형(코드),40.3,1,1=산림치유 프로그램; 2=숲해설 프로그램; 3=유아숲체험 프로그램; 4=숲길체험 프로그램; 5=산림레포츠체험 프로그램; 9=없음; 999999999=없음,
549,Q19_1A5,문19-1. 알고 있거나 들어본 적 있는 산림휴양.복지 프로그램,Q19. 산림복지 프로그램 — 인지·이용·예약·이용권·의향(5단계),범주형(코드),57.0,1,1=산림치유 프로그램; 2=숲해설 프로그램; 3=유아숲체험 프로그램; 4=숲길체험 프로그램; 5=산림레포츠체험 프로그램; 9=없음; 999999999=없음,
550,Q19_2A1,문19-2. 이용 경험이 있는 산림휴양.복지 프로그램,Q19. 산림복지 프로그램 — 인지·이용·예약·이용권·의향(5단계),범주형(코드),21.7,2,1=산림치유 프로그램; 2=숲해설 프로그램; 3=유아숲체험 프로그램; 4=숲길체험 프로그램; 5=산림레포츠체험 프로그램; 9=없음; 999999999=없음,
551,Q19_2A2,문19-2. 이용 경험이 있는 산림휴양.복지 프로그램,Q19. 산림복지 프로그램 — 인지·이용·예약·이용권·의향(5단계),범주형(코드),96.4,1,1=산림치유 프로그램; 2=숲해설 프로그램; 3=유아숲체험 프로그램; 4=숲길체험 프로그램; 5=산림레포츠체험 프로그램; 9=없음; 999999999=없음,
552,Q19_2A3,문19-2. 이용 경험이 있는 산림휴양.복지 프로그램,Q19. 산림복지 프로그램 — 인지·이용·예약·이용권·의향(5단계),범주형(코드),99.5,1,1=산림치유 프로그램; 2=숲해설 프로그램; 3=유아숲체험 프로그램; 4=숲길체험 프로그램; 5=산림레포츠체험 프로그램; 9=없음; 999999999=없음,
553,Q19_2A4,문19-2. 이용 경험이 있는 산림휴양.복지 프로그램,Q19. 산림복지 프로그램 — 인지·이용·예약·이용권·의향(5단계),범주형(코드),95.8,1,1=산림치유 프로그램; 2=숲해설 프로그램; 3=유아숲체험 프로그램; 4=숲길체험 프로그램; 5=산림레포츠체험 프로그램; 9=없음; 999999999=없음,
554,Q19_2A5,문19-2. 이용 경험이 있는 산림휴양.복지 프로그램,Q19. 산림복지 프로그램 — 인지·이용·예약·이용권·의향(5단계),범주형(코드),96.9,1,1=산림치유 프로그램; 2=숲해설 프로그램; 3=유아숲체험 프로그램; 4=숲길체험 프로그램; 5=산림레포츠체험 프로그램; 9=없음; 999999999=없음,
555,Q19_3A1,문19-3. 사전예약제 이용 경험,Q19. 산림복지 프로그램 — 인지·이용·예약·이용권·의향(5단계),범주형(코드),16.0,2,1=산림치유 프로그램; 2=숲해설 프로그램; 3=유아숲체험 프로그램; 4=숲길체험 프로그램; 5=산림레포츠체험 프로그램; 9=없음; 999999999=없음,
556,Q19_3A2,문19-3. 사전예약제 이용 경험,Q19. 산림복지 프로그램 — 인지·이용·예약·이용권·의향(5단계),범주형(코드),99.0,1,1=산림치유 프로그램; 2=숲해설 프로그램; 3=유아숲체험 프로그램; 4=숲길체험 프로그램; 5=산림레포츠체험 프로그램; 9=없음; 999999999=없음,
557,Q19_3A3,문19-3. 사전예약제 이용 경험,Q19. 산림복지 프로그램 — 인지·이용·예약·이용권·의향(5단계),범주형(코드),99.6,1,1=산림치유 프로그램; 2=숲해설 프로그램; 3=유아숲체험 프로그램; 4=숲길체험 프로그램; 5=산림레포츠체험 프로그램; 9=없음; 999999999=없음,
558,Q19_3A4,문19-3. 사전예약제 이용 경험,Q19. 산림복지 프로그램 — 인지·이용·예약·이용권·의향(5단계),범주형(코드),98.9,1,1=산림치유 프로그램; 2=숲해설 프로그램; 3=유아숲체험 프로그램; 4=숲길체험 프로그램; 5=산림레포츠체험 프로그램; 9=없음; 999999999=없음,
559,Q19_3A5,문19-3. 사전예약제 이용 경험,Q19. 산림복지 프로그램 — 인지·이용·예약·이용권·의향(5단계),범주형(코드),98.1,1,1=산림치유 프로그램; 2=숲해설 프로그램; 3=유아숲체험 프로그램; 4=숲길체험 프로그램; 5=산림레포츠체험 프로그램; 9=없음; 999999999=없음,
560,Q19_4A1,문19-4. 산림복지서비스 이용권(바우처) 사용 경험,Q19. 산림복지 프로그램 — 인지·이용·예약·이용권·의향(5단계),범주형(코드),13.1,2,1=산림치유 프로그램; 2=숲해설 프로그램; 3=유아숲체험 프로그램; 4=숲길체험 프로그램; 5=산림레포츠체험 프로그램; 9=없음; 999999999=없음,
561,Q19_4A2,문19-4. 산림복지서비스 이용권(바우처) 사용 경험,Q19. 산림복지 프로그램 — 인지·이용·예약·이용권·의향(5단계),범주형(코드),99.8,1,1=산림치유 프로그램; 2=숲해설 프로그램; 3=유아숲체험 프로그램; 4=숲길체험 프로그램; 5=산림레포츠체험 프로그램; 9=없음; 999999999=없음,
562,Q19_4A3,문19-4. 산림복지서비스 이용권(바우처) 사용 경험,Q19. 산림복지 프로그램 — 인지·이용·예약·이용권·의향(5단계),범주형(코드),99.9,1,1=산림치유 프로그램; 2=숲해설 프로그램; 3=유아숲체험 프로그램; 4=숲길체험 프로그램; 5=산림레포츠체험 프로그램; 9=없음; 999999999=없음,
563,Q19_4A4,문19-4. 산림복지서비스 이용권(바우처) 사용 경험,Q19. 산림복지 프로그램 — 인지·이용·예약·이용권·의향(5단계),범주형(코드),99.8,1,1=산림치유 프로그램; 2=숲해설 프로그램; 3=유아숲체험 프로그램; 4=숲길체험 프로그램; 5=산림레포츠체험 프로그램; 9=없음; 999999999=없음,
564,Q19_4A5,문19-4. 산림복지서비스 이용권(바우처) 사용 경험,Q19. 산림복지 프로그램 — 인지·이용·예약·이용권·의향(5단계),범주형(코드),99.9,1,1=산림치유 프로그램; 2=숲해설 프로그램; 3=유아숲체험 프로그램; 4=숲길체험 프로그램; 5=산림레포츠체험 프로그램; 9=없음; 999999999=없음,
565,Q19_5A1,문19-5. 향후 이용의향 있는 산림휴양.복지 프로그램,Q19. 산림복지 프로그램 — 인지·이용·예약·이용권·의향(5단계),범주형(코드),46.3,2,1=산림치유 프로그램; 2=숲해설 프로그램; 3=유아숲체험 프로그램; 4=숲길체험 프로그램; 5=산림레포츠체험 프로그램; 9=없음; 999999999=없음,
566,Q19_5A2,문19-5. 향후 이용의향 있는 산림휴양.복지 프로그램,Q19. 산림복지 프로그램 — 인지·이용·예약·이용권·의향(5단계),범주형(코드),72.7,1,1=산림치유 프로그램; 2=숲해설 프로그램; 3=유아숲체험 프로그램; 4=숲길체험 프로그램; 5=산림레포츠체험 프로그램; 9=없음; 999999999=없음,
567,Q19_5A3,문19-5. 향후 이용의향 있는 산림휴양.복지 프로그램,Q19. 산림복지 프로그램 — 인지·이용·예약·이용권·의향(5단계),범주형(코드),95.1,1,1=산림치유 프로그램; 2=숲해설 프로그램; 3=유아숲체험 프로그램; 4=숲길체험 프로그램; 5=산림레포츠체험 프로그램; 9=없음; 999999999=없음,
568,Q19_5A4,문19-5. 향후 이용의향 있는 산림휴양.복지 프로그램,Q19. 산림복지 프로그램 — 인지·이용·예약·이용권·의향(5단계),범주형(코드),63.2,1,1=산림치유 프로그램; 2=숲해설 프로그램; 3=유아숲체험 프로그램; 4=숲길체험 프로그램; 5=산림레포츠체험 프로그램; 9=없음; 999999999=없음,
569,Q19_5A5,문19-5. 향후 이용의향 있는 산림휴양.복지 프로그램,Q19. 산림복지 프로그램 — 인지·이용·예약·이용권·의향(5단계),범주형(코드),76.4,1,1=산림치유 프로그램; 2=숲해설 프로그램; 3=유아숲체험 프로그램; 4=숲길체험 프로그램; 5=산림레포츠체험 프로그램; 9=없음; 999999999=없음,
570,Q20_1A1,문20-1. 알고 있거나 들어본 적 있는 산림휴양.복지시설,Q20. 산림복지시설(13종) — 인지·이용·예약·이용권·의향(5단계) — ★10장 예측 타깃,범주형(코드),6.1,2,1=자연휴양림; 2=산림욕장; 3=치유의 숲; 4=숲길; 5=유아숲체험원; 6=산림교육센터; 7=수목장림; 8=숲속야영장; 9=산림레포츠시설; 10=산림복지단지; 11=수목원; 12=정원; 13=목재문화체험장; 99=없음; 999999999=없음,
571,Q20_1A2,문20-1. 알고 있거나 들어본 적 있는 산림휴양.복지시설,Q20. 산림복지시설(13종) — 인지·이용·예약·이용권·의향(5단계) — ★10장 예측 타깃,범주형(코드),30.7,1,1=자연휴양림; 2=산림욕장; 3=치유의 숲; 4=숲길; 5=유아숲체험원; 6=산림교육센터; 7=수목장림; 8=숲속야영장; 9=산림레포츠시설; 10=산림복지단지; 11=수목원; 12=정원; 13=목재문화체험장; 99=없음; 999999999=없음,
572,Q20_1A3,문20-1. 알고 있거나 들어본 적 있는 산림휴양.복지시설,Q20. 산림복지시설(13종) — 인지·이용·예약·이용권·의향(5단계) — ★10장 예측 타깃,범주형(코드),45.9,1,1=자연휴양림; 2=산림욕장; 3=치유의 숲; 4=숲길; 5=유아숲체험원; 6=산림교육센터; 7=수목장림; 8=숲속야영장; 9=산림레포츠시설; 10=산림복지단지; 11=수목원; 12=정원; 13=목재문화체험장; 99=없음; 999999999=없음,
573,Q20_1A4,문20-1. 알고 있거나 들어본 적 있는 산림휴양.복지시설,Q20. 산림복지시설(13종) — 인지·이용·예약·이용권·의향(5단계) — ★10장 예측 타깃,범주형(코드),27.0,1,1=자연휴양림; 2=산림욕장; 3=치유의 숲; 4=숲길; 5=유아숲체험원; 6=산림교육센터; 7=수목장림; 8=숲속야영장; 9=산림레포츠시설; 10=산림복지단지; 11=수목원; 12=정원; 13=목재문화체험장; 99=없음; 999999999=없음,
574,Q20_1A5,문20-1. 알고 있거나 들어본 적 있는 산림휴양.복지시설,Q20. 산림복지시설(13종) — 인지·이용·예약·이용권·의향(5단계) — ★10장 예측 타깃,범주형(코드),81.2,1,1=자연휴양림; 2=산림욕장; 3=치유의 숲; 4=숲길; 5=유아숲체험원; 6=산림교육센터; 7=수목장림; 8=숲속야영장; 9=산림레포츠시설; 10=산림복지단지; 11=수목원; 12=정원; 13=목재문화체험장; 99=없음; 999999999=없음,
575,Q20_1A6,문20-1. 알고 있거나 들어본 적 있는 산림휴양.복지시설,Q20. 산림복지시설(13종) — 인지·이용·예약·이용권·의향(5단계) — ★10장 예측 타깃,범주형(코드),89.3,1,1=자연휴양림; 2=산림욕장; 3=치유의 숲; 4=숲길; 5=유아숲체험원; 6=산림교육센터; 7=수목장림; 8=숲속야영장; 9=산림레포츠시설; 10=산림복지단지; 11=수목원; 12=정원; 13=목재문화체험장; 99=없음; 999999999=없음,
576,Q20_1A7,문20-1. 알고 있거나 들어본 적 있는 산림휴양.복지시설,Q20. 산림복지시설(13종) — 인지·이용·예약·이용권·의향(5단계) — ★10장 예측 타깃,범주형(코드),59.5,1,1=자연휴양림; 2=산림욕장; 3=치유의 숲; 4=숲길; 5=유아숲체험원; 6=산림교육센터; 7=수목장림; 8=숲속야영장; 9=산림레포츠시설; 10=산림복지단지; 11=수목원; 12=정원; 13=목재문화체험장; 99=없음; 999999999=없음,
577,Q20_1A8,문20-1. 알고 있거나 들어본 적 있는 산림휴양.복지시설,Q20. 산림복지시설(13종) — 인지·이용·예약·이용권·의향(5단계) — ★10장 예측 타깃,범주형(코드),37.5,1,1=자연휴양림; 2=산림욕장; 3=치유의 숲; 4=숲길; 5=유아숲체험원; 6=산림교육센터; 7=수목장림; 8=숲속야영장; 9=산림레포츠시설; 10=산림복지단지; 11=수목원; 12=정원; 13=목재문화체험장; 99=없음; 999999999=없음,
578,Q20_1A9,문20-1. 알고 있거나 들어본 적 있는 산림휴양.복지시설,Q20. 산림복지시설(13종) — 인지·이용·예약·이용권·의향(5단계) — ★10장 예측 타깃,범주형(코드),58.2,1,1=자연휴양림; 2=산림욕장; 3=치유의 숲; 4=숲길; 5=유아숲체험원; 6=산림교육센터; 7=수목장림; 8=숲속야영장; 9=산림레포츠시설; 10=산림복지단지; 11=수목원; 12=정원; 13=목재문화체험장; 99=없음; 999999999=없음,
579,Q20_1A10,문20-1. 알고 있거나 들어본 적 있는 산림휴양.복지시설,Q20. 산림복지시설(13종) — 인지·이용·예약·이용권·의향(5단계) — ★10장 예측 타깃,범주형(코드),84.7,1,1=자연휴양림; 2=산림욕장; 3=치유의 숲; 4=숲길; 5=유아숲체험원; 6=산림교육센터; 7=수목장림; 8=숲속야영장; 9=산림레포츠시설; 10=산림복지단지; 11=수목원; 12=정원; 13=목재문화체험장; 99=없음; 999999999=없음,
580,Q20_1A11,문20-1. 알고 있거나 들어본 적 있는 산림휴양.복지시설,Q20. 산림복지시설(13종) — 인지·이용·예약·이용권·의향(5단계) — ★10장 예측 타깃,범주형(코드),13.0,1,1=자연휴양림; 2=산림욕장; 3=치유의 숲; 4=숲길; 5=유아숲체험원; 6=산림교육센터; 7=수목장림; 8=숲속야영장; 9=산림레포츠시설; 10=산림복지단지; 11=수목원; 12=정원; 13=목재문화체험장; 99=없음; 999999999=없음,
581,Q20_1A12,문20-1. 알고 있거나 들어본 적 있는 산림휴양.복지시설,Q20. 산림복지시설(13종) — 인지·이용·예약·이용권·의향(5단계) — ★10장 예측 타깃,범주형(코드),38.9,1,1=자연휴양림; 2=산림욕장; 3=치유의 숲; 4=숲길; 5=유아숲체험원; 6=산림교육센터; 7=수목장림; 8=숲속야영장; 9=산림레포츠시설; 10=산림복지단지; 11=수목원; 12=정원; 13=목재문화체험장; 99=없음; 999999999=없음,
582,Q20_1A13,문20-1. 알고 있거나 들어본 적 있는 산림휴양.복지시설,Q20. 산림복지시설(13종) — 인지·이용·예약·이용권·의향(5단계) — ★10장 예측 타깃,범주형(코드),89.6,1,1=자연휴양림; 2=산림욕장; 3=치유의 숲; 4=숲길; 5=유아숲체험원; 6=산림교육센터; 7=수목장림; 8=숲속야영장; 9=산림레포츠시설; 10=산림복지단지; 11=수목원; 12=정원; 13=목재문화체험장; 99=없음; 999999999=없음,
583,Q20_2A1,문20-2. 이용 경험이 있는 산림휴양.복지시설,Q20. 산림복지시설(13종) — 인지·이용·예약·이용권·의향(5단계) — ★10장 예측 타깃,범주형(코드),39.0,2,1=자연휴양림; 2=산림욕장; 3=치유의 숲; 4=숲길; 5=유아숲체험원; 6=산림교육센터; 7=수목장림; 8=숲속야영장; 9=산림레포츠시설; 10=산림복지단지; 11=수목원; 12=정원; 13=목재문화체험장; 99=없음; 999999999=없음,
584,Q20_2A2,문20-2. 이용 경험이 있는 산림휴양.복지시설,Q20. 산림복지시설(13종) — 인지·이용·예약·이용권·의향(5단계) — ★10장 예측 타깃,범주형(코드),94.7,1,1=자연휴양림; 2=산림욕장; 3=치유의 숲; 4=숲길; 5=유아숲체험원; 6=산림교육센터; 7=수목장림; 8=숲속야영장; 9=산림레포츠시설; 10=산림복지단지; 11=수목원; 12=정원; 13=목재문화체험장; 99=없음; 999999999=없음,
585,Q20_2A3,문20-2. 이용 경험이 있는 산림휴양.복지시설,Q20. 산림복지시설(13종) — 인지·이용·예약·이용권·의향(5단계) — ★10장 예측 타깃,범주형(코드),97.5,1,1=자연휴양림; 2=산림욕장; 3=치유의 숲; 4=숲길; 5=유아숲체험원; 6=산림교육센터; 7=수목장림; 8=숲속야영장; 9=산림레포츠시설; 10=산림복지단지; 11=수목원; 12=정원; 13=목재문화체험장; 99=없음; 999999999=없음,
586,Q20_2A4,문20-2. 이용 경험이 있는 산림휴양.복지시설,Q20. 산림복지시설(13종) — 인지·이용·예약·이용권·의향(5단계) — ★10장 예측 타깃,범주형(코드),76.9,1,1=자연휴양림; 2=산림욕장; 3=치유의 숲; 4=숲길; 5=유아숲체험원; 6=산림교육센터; 7=수목장림; 8=숲속야영장; 9=산림레포츠시설; 10=산림복지단지; 11=수목원; 12=정원; 13=목재문화체험장; 99=없음; 999999999=없음,
587,Q20_2A5,문20-2. 이용 경험이 있는 산림휴양.복지시설,Q20. 산림복지시설(13종) — 인지·이용·예약·이용권·의향(5단계) — ★10장 예측 타깃,범주형(코드),99.5,1,1=자연휴양림; 2=산림욕장; 3=치유의 숲; 4=숲길; 5=유아숲체험원; 6=산림교육센터; 7=수목장림; 8=숲속야영장; 9=산림레포츠시설; 10=산림복지단지; 11=수목원; 12=정원; 13=목재문화체험장; 99=없음; 999999999=없음,
588,Q20_2A6,문20-2. 이용 경험이 있는 산림휴양.복지시설,Q20. 산림복지시설(13종) — 인지·이용·예약·이용권·의향(5단계) — ★10장 예측 타깃,범주형(코드),99.9,1,1=자연휴양림; 2=산림욕장; 3=치유의 숲; 4=숲길; 5=유아숲체험원; 6=산림교육센터; 7=수목장림; 8=숲속야영장; 9=산림레포츠시설; 10=산림복지단지; 11=수목원; 12=정원; 13=목재문화체험장; 99=없음; 999999999=없음,
589,Q20_2A7,문20-2. 이용 경험이 있는 산림휴양.복지시설,Q20. 산림복지시설(13종) — 인지·이용·예약·이용권·의향(5단계) — ★10장 예측 타깃,범주형(코드),99.5,1,1=자연휴양림; 2=산림욕장; 3=치유의 숲; 4=숲길; 5=유아숲체험원; 6=산림교육센터; 7=수목장림; 8=숲속야영장; 9=산림레포츠시설; 10=산림복지단지; 11=수목원; 12=정원; 13=목재문화체험장; 99=없음; 999999999=없음,
590,Q20_2A8,문20-2. 이용 경험이 있는 산림휴양.복지시설,Q20. 산림복지시설(13종) — 인지·이용·예약·이용권·의향(5단계) — ★10장 예측 타깃,범주형(코드),95.7,1,1=자연휴양림; 2=산림욕장; 3=치유의 숲; 4=숲길; 5=유아숲체험원; 6=산림교육센터; 7=수목장림; 8=숲속야영장; 9=산림레포츠시설; 10=산림복지단지; 11=수목원; 12=정원; 13=목재문화체험장; 99=없음; 999999999=없음,
591,Q20_2A9,문20-2. 이용 경험이 있는 산림휴양.복지시설,Q20. 산림복지시설(13종) — 인지·이용·예약·이용권·의향(5단계) — ★10장 예측 타깃,범주형(코드),96.8,1,1=자연휴양림; 2=산림욕장; 3=치유의 숲; 4=숲길; 5=유아숲체험원; 6=산림교육센터; 7=수목장림; 8=숲속야영장; 9=산림레포츠시설; 10=산림복지단지; 11=수목원; 12=정원; 13=목재문화체험장; 99=없음; 999999999=없음,
592,Q20_2A10,문20-2. 이용 경험이 있는 산림휴양.복지시설,Q20. 산림복지시설(13종) — 인지·이용·예약·이용권·의향(5단계) — ★10장 예측 타깃,범주형(코드),99.8,1,1=자연휴양림; 2=산림욕장; 3=치유의 숲; 4=숲길; 5=유아숲체험원; 6=산림교육센터; 7=수목장림; 8=숲속야영장; 9=산림레포츠시설; 10=산림복지단지; 11=수목원; 12=정원; 13=목재문화체험장; 99=없음; 999999999=없음,
593,Q20_2A11,문20-2. 이용 경험이 있는 산림휴양.복지시설,Q20. 산림복지시설(13종) — 인지·이용·예약·이용권·의향(5단계) — ★10장 예측 타깃,범주형(코드),86.0,1,1=자연휴양림; 2=산림욕장; 3=치유의 숲; 4=숲길; 5=유아숲체험원; 6=산림교육센터; 7=수목장림; 8=숲속야영장; 9=산림레포츠시설; 10=산림복지단지; 11=수목원; 12=정원; 13=목재문화체험장; 99=없음; 999999999=없음,
594,Q20_2A12,문20-2. 이용 경험이 있는 산림휴양.복지시설,Q20. 산림복지시설(13종) — 인지·이용·예약·이용권·의향(5단계) — ★10장 예측 타깃,범주형(코드),93.0,1,1=자연휴양림; 2=산림욕장; 3=치유의 숲; 4=숲길; 5=유아숲체험원; 6=산림교육센터; 7=수목장림; 8=숲속야영장; 9=산림레포츠시설; 10=산림복지단지; 11=수목원; 12=정원; 13=목재문화체험장; 99=없음; 999999999=없음,
595,Q20_2A13,문20-2. 이용 경험이 있는 산림휴양.복지시설,Q20. 산림복지시설(13종) — 인지·이용·예약·이용권·의향(5단계) — ★10장 예측 타깃,범주형(코드),99.8,1,1=자연휴양림; 2=산림욕장; 3=치유의 숲; 4=숲길; 5=유아숲체험원; 6=산림교육센터; 7=수목장림; 8=숲속야영장; 9=산림레포츠시설; 10=산림복지단지; 11=수목원; 12=정원; 13=목재문화체험장; 99=없음; 999999999=없음,
596,Q20_3A1,문20-3. 사전예약제 이용 경험,Q20. 산림복지시설(13종) — 인지·이용·예약·이용권·의향(5단계) — ★10장 예측 타깃,범주형(코드),18.1,2,1=자연휴양림; 2=산림욕장; 3=치유의 숲; 4=숲길; 5=유아숲체험원; 6=산림교육센터; 7=수목장림; 8=숲속야영장; 9=산림레포츠시설; 10=산림복지단지; 11=수목원; 12=정원; 13=목재문화체험장; 99=없음; 999999999=없음,
597,Q20_3A2,문20-3. 사전예약제 이용 경험,Q20. 산림복지시설(13종) — 인지·이용·예약·이용권·의향(5단계) — ★10장 예측 타깃,범주형(코드),99.0,1,1=자연휴양림; 2=산림욕장; 3=치유의 숲; 4=숲길; 5=유아숲체험원; 6=산림교육센터; 7=수목장림; 8=숲속야영장; 9=산림레포츠시설; 10=산림복지단지; 11=수목원; 12=정원; 13=목재문화체험장; 99=없음; 999999999=없음,
598,Q20_3A3,문20-3. 사전예약제 이용 경험,Q20. 산림복지시설(13종) — 인지·이용·예약·이용권·의향(5단계) — ★10장 예측 타깃,범주형(코드),99.6,1,1=자연휴양림; 2=산림욕장; 3=치유의 숲; 4=숲길; 5=유아숲체험원; 6=산림교육센터; 7=수목장림; 8=숲속야영장; 9=산림레포츠시설; 10=산림복지단지; 11=수목원; 12=정원; 13=목재문화체험장; 99=없음; 999999999=없음,
599,Q20_3A4,문20-3. 사전예약제 이용 경험,Q20. 산림복지시설(13종) — 인지·이용·예약·이용권·의향(5단계) — ★10장 예측 타깃,범주형(코드),98.6,1,1=자연휴양림; 2=산림욕장; 3=치유의 숲; 4=숲길; 5=유아숲체험원; 6=산림교육센터; 7=수목장림; 8=숲속야영장; 9=산림레포츠시설; 10=산림복지단지; 11=수목원; 12=정원; 13=목재문화체험장; 99=없음; 999999999=없음,
600,Q20_3A5,문20-3. 사전예약제 이용 경험,Q20. 산림복지시설(13종) — 인지·이용·예약·이용권·의향(5단계) — ★10장 예측 타깃,범주형(코드),99.7,1,1=자연휴양림; 2=산림욕장; 3=치유의 숲; 4=숲길; 5=유아숲체험원; 6=산림교육센터; 7=수목장림; 8=숲속야영장; 9=산림레포츠시설; 10=산림복지단지; 11=수목원; 12=정원; 13=목재문화체험장; 99=없음; 999999999=없음,
601,Q20_3A6,문20-3. 사전예약제 이용 경험,Q20. 산림복지시설(13종) — 인지·이용·예약·이용권·의향(5단계) — ★10장 예측 타깃,범주형(코드),100.0,1,1=자연휴양림; 2=산림욕장; 3=치유의 숲; 4=숲길; 5=유아숲체험원; 6=산림교육센터; 7=수목장림; 8=숲속야영장; 9=산림레포츠시설; 10=산림복지단지; 11=수목원; 12=정원; 13=목재문화체험장; 99=없음; 999999999=없음,
602,Q20_3A7,문20-3. 사전예약제 이용 경험,Q20. 산림복지시설(13종) — 인지·이용·예약·이용권·의향(5단계) — ★10장 예측 타깃,범주형(코드),100.0,1,1=자연휴양림; 2=산림욕장; 3=치유의 숲; 4=숲길; 5=유아숲체험원; 6=산림교육센터; 7=수목장림; 8=숲속야영장; 9=산림레포츠시설; 10=산림복지단지; 11=수목원; 12=정원; 13=목재문화체험장; 99=없음; 999999999=없음,
603,Q20_3A8,문20-3. 사전예약제 이용 경험,Q20. 산림복지시설(13종) — 인지·이용·예약·이용권·의향(5단계) — ★10장 예측 타깃,범주형(코드),97.1,1,1=자연휴양림; 2=산림욕장; 3=치유의 숲; 4=숲길; 5=유아숲체험원; 6=산림교육센터; 7=수목장림; 8=숲속야영장; 9=산림레포츠시설; 10=산림복지단지; 11=수목원; 12=정원; 13=목재문화체험장; 99=없음; 999999999=없음,
604,Q20_3A9,문20-3. 사전예약제 이용 경험,Q20. 산림복지시설(13종) — 인지·이용·예약·이용권·의향(5단계) — ★10장 예측 타깃,범주형(코드),98.1,1,1=자연휴양림; 2=산림욕장; 3=치유의 숲; 4=숲길; 5=유아숲체험원; 6=산림교육센터; 7=수목장림; 8=숲속야영장; 9=산림레포츠시설; 10=산림복지단지; 11=수목원; 12=정원; 13=목재문화체험장; 99=없음; 999999999=없음,
605,Q20_3A10,문20-3. 사전예약제 이용 경험,Q20. 산림복지시설(13종) — 인지·이용·예약·이용권·의향(5단계) — ★10장 예측 타깃,범주형(코드),100.0,1,1=자연휴양림; 2=산림욕장; 3=치유의 숲; 4=숲길; 5=유아숲체험원; 6=산림교육센터; 7=수목장림; 8=숲속야영장; 9=산림레포츠시설; 10=산림복지단지; 11=수목원; 12=정원; 13=목재문화체험장; 99=없음; 999999999=없음,
606,Q20_3A11,문20-3. 사전예약제 이용 경험,Q20. 산림복지시설(13종) — 인지·이용·예약·이용권·의향(5단계) — ★10장 예측 타깃,범주형(코드),98.0,1,1=자연휴양림; 2=산림욕장; 3=치유의 숲; 4=숲길; 5=유아숲체험원; 6=산림교육센터; 7=수목장림; 8=숲속야영장; 9=산림레포츠시설; 10=산림복지단지; 11=수목원; 12=정원; 13=목재문화체험장; 99=없음; 999999999=없음,
607,Q20_3A12,문20-3. 사전예약제 이용 경험,Q20. 산림복지시설(13종) — 인지·이용·예약·이용권·의향(5단계) — ★10장 예측 타깃,범주형(코드),99.8,1,1=자연휴양림; 2=산림욕장; 3=치유의 숲; 4=숲길; 5=유아숲체험원; 6=산림교육센터; 7=수목장림; 8=숲속야영장; 9=산림레포츠시설; 10=산림복지단지; 11=수목원; 12=정원; 13=목재문화체험장; 99=없음; 999999999=없음,
608,Q20_3A13,문20-3. 사전예약제 이용 경험,Q20. 산림복지시설(13종) — 인지·이용·예약·이용권·의향(5단계) — ★10장 예측 타깃,범주형(코드),99.9,1,1=자연휴양림; 2=산림욕장; 3=치유의 숲; 4=숲길; 5=유아숲체험원; 6=산림교육센터; 7=수목장림; 8=숲속야영장; 9=산림레포츠시설; 10=산림복지단지; 11=수목원; 12=정원; 13=목재문화체험장; 99=없음; 999999999=없음,
609,Q20_4A1,문20-4. 산림복지서비스 이용권(바우처) 사용 경험,Q20. 산림복지시설(13종) — 인지·이용·예약·이용권·의향(5단계) — ★10장 예측 타깃,범주형(코드),13.2,2,1=자연휴양림; 2=산림욕장; 3=치유의 숲; 4=숲길; 5=유아숲체험원; 6=산림교육센터; 7=수목장림; 8=숲속야영장; 9=산림레포츠시설; 10=산림복지단지; 11=수목원; 12=정원; 13=목재문화체험장; 99=없음; 999999999=없음,
610,Q20_4A2,문20-4. 산림복지서비스 이용권(바우처) 사용 경험,Q20. 산림복지시설(13종) — 인지·이용·예약·이용권·의향(5단계) — ★10장 예측 타깃,범주형(코드),99.6,1,1=자연휴양림; 2=산림욕장; 3=치유의 숲; 4=숲길; 5=유아숲체험원; 6=산림교육센터; 7=수목장림; 8=숲속야영장; 9=산림레포츠시설; 10=산림복지단지; 11=수목원; 12=정원; 13=목재문화체험장; 99=없음; 999999999=없음,
611,Q20_4A3,문20-4. 산림복지서비스 이용권(바우처) 사용 경험,Q20. 산림복지시설(13종) — 인지·이용·예약·이용권·의향(5단계) — ★10장 예측 타깃,범주형(코드),99.9,1,1=자연휴양림; 2=산림욕장; 3=치유의 숲; 4=숲길; 5=유아숲체험원; 6=산림교육센터; 7=수목장림; 8=숲속야영장; 9=산림레포츠시설; 10=산림복지단지; 11=수목원; 12=정원; 13=목재문화체험장; 99=없음; 999999999=없음,
612,Q20_4A4,문20-4. 산림복지서비스 이용권(바우처) 사용 경험,Q20. 산림복지시설(13종) — 인지·이용·예약·이용권·의향(5단계) — ★10장 예측 타깃,삭제됨(전량결측),100.0,0,1=자연휴양림; 2=산림욕장; 3=치유의 숲; 4=숲길; 5=유아숲체험원; 6=산림교육센터; 7=수목장림; 8=숲속야영장; 9=산림레포츠시설; 10=산림복지단지; 11=수목원; 12=정원; 13=목재문화체험장; 99=없음; 999999999=없음,
613,Q20_4A5,문20-4. 산림복지서비스 이용권(바우처) 사용 경험,Q20. 산림복지시설(13종) — 인지·이용·예약·이용권·의향(5단계) — ★10장 예측 타깃,범주형(코드),100.0,1,1=자연휴양림; 2=산림욕장; 3=치유의 숲; 4=숲길; 5=유아숲체험원; 6=산림교육센터; 7=수목장림; 8=숲속야영장; 9=산림레포츠시설; 10=산림복지단지; 11=수목원; 12=정원; 13=목재문화체험장; 99=없음; 999999999=없음,
614,Q20_4A6,문20-4. 산림복지서비스 이용권(바우처) 사용 경험,Q20. 산림복지시설(13종) — 인지·이용·예약·이용권·의향(5단계) — ★10장 예측 타깃,범주형(코드),100.0,1,1=자연휴양림; 2=산림욕장; 3=치유의 숲; 4=숲길; 5=유아숲체험원; 6=산림교육센터; 7=수목장림; 8=숲속야영장; 9=산림레포츠시설; 10=산림복지단지; 11=수목원; 12=정원; 13=목재문화체험장; 99=없음; 999999999=없음,
615,Q20_4A7,문20-4. 산림복지서비스 이용권(바우처) 사용 경험,Q20. 산림복지시설(13종) — 인지·이용·예약·이용권·의향(5단계) — ★10장 예측 타깃,삭제됨(전량결측),100.0,0,1=자연휴양림; 2=산림욕장; 3=치유의 숲; 4=숲길; 5=유아숲체험원; 6=산림교육센터; 7=수목장림; 8=숲속야영장; 9=산림레포츠시설; 10=산림복지단지; 11=수목원; 12=정원; 13=목재문화체험장; 99=없음; 999999999=없음,
616,Q20_4A8,문20-4. 산림복지서비스 이용권(바우처) 사용 경험,Q20. 산림복지시설(13종) — 인지·이용·예약·이용권·의향(5단계) — ★10장 예측 타깃,범주형(코드),99.8,1,1=자연휴양림; 2=산림욕장; 3=치유의 숲; 4=숲길; 5=유아숲체험원; 6=산림교육센터; 7=수목장림; 8=숲속야영장; 9=산림레포츠시설; 10=산림복지단지; 11=수목원; 12=정원; 13=목재문화체험장; 99=없음; 999999999=없음,
617,Q20_4A9,문20-4. 산림복지서비스 이용권(바우처) 사용 경험,Q20. 산림복지시설(13종) — 인지·이용·예약·이용권·의향(5단계) — ★10장 예측 타깃,범주형(코드),99.8,1,1=자연휴양림; 2=산림욕장; 3=치유의 숲; 4=숲길; 5=유아숲체험원; 6=산림교육센터; 7=수목장림; 8=숲속야영장; 9=산림레포츠시설; 10=산림복지단지; 11=수목원; 12=정원; 13=목재문화체험장; 99=없음; 999999999=없음,
618,Q20_4A10,문20-4. 산림복지서비스 이용권(바우처) 사용 경험,Q20. 산림복지시설(13종) — 인지·이용·예약·이용권·의향(5단계) — ★10장 예측 타깃,범주형(코드),100.0,1,1=자연휴양림; 2=산림욕장; 3=치유의 숲; 4=숲길; 5=유아숲체험원; 6=산림교육센터; 7=수목장림; 8=숲속야영장; 9=산림레포츠시설; 10=산림복지단지; 11=수목원; 12=정원; 13=목재문화체험장; 99=없음; 999999999=없음,
619,Q20_4A11,문20-4. 산림복지서비스 이용권(바우처) 사용 경험,Q20. 산림복지시설(13종) — 인지·이용·예약·이용권·의향(5단계) — ★10장 예측 타깃,범주형(코드),99.2,1,1=자연휴양림; 2=산림욕장; 3=치유의 숲; 4=숲길; 5=유아숲체험원; 6=산림교육센터; 7=수목장림; 8=숲속야영장; 9=산림레포츠시설; 10=산림복지단지; 11=수목원; 12=정원; 13=목재문화체험장; 99=없음; 999999999=없음,
620,Q20_4A12,문20-4. 산림복지서비스 이용권(바우처) 사용 경험,Q20. 산림복지시설(13종) — 인지·이용·예약·이용권·의향(5단계) — ★10장 예측 타깃,범주형(코드),99.9,1,1=자연휴양림; 2=산림욕장; 3=치유의 숲; 4=숲길; 5=유아숲체험원; 6=산림교육센터; 7=수목장림; 8=숲속야영장; 9=산림레포츠시설; 10=산림복지단지; 11=수목원; 12=정원; 13=목재문화체험장; 99=없음; 999999999=없음,
621,Q20_4A13,문20-4. 산림복지서비스 이용권(바우처) 사용 경험,Q20. 산림복지시설(13종) — 인지·이용·예약·이용권·의향(5단계) — ★10장 예측 타깃,삭제됨(전량결측),100.0,0,1=자연휴양림; 2=산림욕장; 3=치유의 숲; 4=숲길; 5=유아숲체험원; 6=산림교육센터; 7=수목장림; 8=숲속야영장; 9=산림레포츠시설; 10=산림복지단지; 11=수목원; 12=정원; 13=목재문화체험장; 99=없음; 999999999=없음,
622,Q20_5A1,문20-5. 향후 이용의향 있는 산림휴양.복지시설,Q20. 산림복지시설(13종) — 인지·이용·예약·이용권·의향(5단계) — ★10장 예측 타깃,범주형(코드),36.7,2,1=자연휴양림; 2=산림욕장; 3=치유의 숲; 4=숲길; 5=유아숲체험원; 6=산림교육센터; 7=수목장림; 8=숲속야영장; 9=산림레포츠시설; 10=산림복지단지; 11=수목원; 12=정원; 13=목재문화체험장; 99=없음; 999999999=없음,
623,Q20_5A2,문20-5. 향후 이용의향 있는 산림휴양.복지시설,Q20. 산림복지시설(13종) — 인지·이용·예약·이용권·의향(5단계) — ★10장 예측 타깃,범주형(코드),71.7,1,1=자연휴양림; 2=산림욕장; 3=치유의 숲; 4=숲길; 5=유아숲체험원; 6=산림교육센터; 7=수목장림; 8=숲속야영장; 9=산림레포츠시설; 10=산림복지단지; 11=수목원; 12=정원; 13=목재문화체험장; 99=없음; 999999999=없음,
624,Q20_5A3,문20-5. 향후 이용의향 있는 산림휴양.복지시설,Q20. 산림복지시설(13종) — 인지·이용·예약·이용권·의향(5단계) — ★10장 예측 타깃,범주형(코드),76.7,1,1=자연휴양림; 2=산림욕장; 3=치유의 숲; 4=숲길; 5=유아숲체험원; 6=산림교육센터; 7=수목장림; 8=숲속야영장; 9=산림레포츠시설; 10=산림복지단지; 11=수목원; 12=정원; 13=목재문화체험장; 99=없음; 999999999=없음,
625,Q20_5A4,문20-5. 향후 이용의향 있는 산림휴양.복지시설,Q20. 산림복지시설(13종) — 인지·이용·예약·이용권·의향(5단계) — ★10장 예측 타깃,범주형(코드),63.6,1,1=자연휴양림; 2=산림욕장; 3=치유의 숲; 4=숲길; 5=유아숲체험원; 6=산림교육센터; 7=수목장림; 8=숲속야영장; 9=산림레포츠시설; 10=산림복지단지; 11=수목원; 12=정원; 13=목재문화체험장; 99=없음; 999999999=없음,
626,Q20_5A5,문20-5. 향후 이용의향 있는 산림휴양.복지시설,Q20. 산림복지시설(13종) — 인지·이용·예약·이용권·의향(5단계) — ★10장 예측 타깃,범주형(코드),97.3,1,1=자연휴양림; 2=산림욕장; 3=치유의 숲; 4=숲길; 5=유아숲체험원; 6=산림교육센터; 7=수목장림; 8=숲속야영장; 9=산림레포츠시설; 10=산림복지단지; 11=수목원; 12=정원; 13=목재문화체험장; 99=없음; 999999999=없음,
627,Q20_5A6,문20-5. 향후 이용의향 있는 산림휴양.복지시설,Q20. 산림복지시설(13종) — 인지·이용·예약·이용권·의향(5단계) — ★10장 예측 타깃,범주형(코드),98.3,1,1=자연휴양림; 2=산림욕장; 3=치유의 숲; 4=숲길; 5=유아숲체험원; 6=산림교육센터; 7=수목장림; 8=숲속야영장; 9=산림레포츠시설; 10=산림복지단지; 11=수목원; 12=정원; 13=목재문화체험장; 99=없음; 999999999=없음,
628,Q20_5A7,문20-5. 향후 이용의향 있는 산림휴양.복지시설,Q20. 산림복지시설(13종) — 인지·이용·예약·이용권·의향(5단계) — ★10장 예측 타깃,범주형(코드),94.3,1,1=자연휴양림; 2=산림욕장; 3=치유의 숲; 4=숲길; 5=유아숲체험원; 6=산림교육센터; 7=수목장림; 8=숲속야영장; 9=산림레포츠시설; 10=산림복지단지; 11=수목원; 12=정원; 13=목재문화체험장; 99=없음; 999999999=없음,
629,Q20_5A8,문20-5. 향후 이용의향 있는 산림휴양.복지시설,Q20. 산림복지시설(13종) — 인지·이용·예약·이용권·의향(5단계) — ★10장 예측 타깃,범주형(코드),77.9,1,1=자연휴양림; 2=산림욕장; 3=치유의 숲; 4=숲길; 5=유아숲체험원; 6=산림교육센터; 7=수목장림; 8=숲속야영장; 9=산림레포츠시설; 10=산림복지단지; 11=수목원; 12=정원; 13=목재문화체험장; 99=없음; 999999999=없음,
630,Q20_5A9,문20-5. 향후 이용의향 있는 산림휴양.복지시설,Q20. 산림복지시설(13종) — 인지·이용·예약·이용권·의향(5단계) — ★10장 예측 타깃,범주형(코드),81.7,1,1=자연휴양림; 2=산림욕장; 3=치유의 숲; 4=숲길; 5=유아숲체험원; 6=산림교육센터; 7=수목장림; 8=숲속야영장; 9=산림레포츠시설; 10=산림복지단지; 11=수목원; 12=정원; 13=목재문화체험장; 99=없음; 999999999=없음,
631,Q20_5A10,문20-5. 향후 이용의향 있는 산림휴양.복지시설,Q20. 산림복지시설(13종) — 인지·이용·예약·이용권·의향(5단계) — ★10장 예측 타깃,범주형(코드),94.5,1,1=자연휴양림; 2=산림욕장; 3=치유의 숲; 4=숲길; 5=유아숲체험원; 6=산림교육센터; 7=수목장림; 8=숲속야영장; 9=산림레포츠시설; 10=산림복지단지; 11=수목원; 12=정원; 13=목재문화체험장; 99=없음; 999999999=없음,
632,Q20_5A11,문20-5. 향후 이용의향 있는 산림휴양.복지시설,Q20. 산림복지시설(13종) — 인지·이용·예약·이용권·의향(5단계) — ★10장 예측 타깃,범주형(코드),55.7,1,1=자연휴양림; 2=산림욕장; 3=치유의 숲; 4=숲길; 5=유아숲체험원; 6=산림교육센터; 7=수목장림; 8=숲속야영장; 9=산림레포츠시설; 10=산림복지단지; 11=수목원; 12=정원; 13=목재문화체험장; 99=없음; 999999999=없음,
633,Q20_5A12,문20-5. 향후 이용의향 있는 산림휴양.복지시설,Q20. 산림복지시설(13종) — 인지·이용·예약·이용권·의향(5단계) — ★10장 예측 타깃,범주형(코드),73.7,1,1=자연휴양림; 2=산림욕장; 3=치유의 숲; 4=숲길; 5=유아숲체험원; 6=산림교육센터; 7=수목장림; 8=숲속야영장; 9=산림레포츠시설; 10=산림복지단지; 11=수목원; 12=정원; 13=목재문화체험장; 99=없음; 999999999=없음,
634,Q20_5A13,문20-5. 향후 이용의향 있는 산림휴양.복지시설,Q20. 산림복지시설(13종) — 인지·이용·예약·이용권·의향(5단계) — ★10장 예측 타깃,범주형(코드),97.0,1,1=자연휴양림; 2=산림욕장; 3=치유의 숲; 4=숲길; 5=유아숲체험원; 6=산림교육센터; 7=수목장림; 8=숲속야영장; 9=산림레포츠시설; 10=산림복지단지; 11=수목원; 12=정원; 13=목재문화체험장; 99=없음; 999999999=없음,
635,Q21,문21. 산림휴양.복지 시설/공간 충분도,Q21. 산림휴양·복지 정책 인식·요구,범주형(코드),0.0,5,1=① 매우 부족하다; 2=② 부족하다; 3=③ 보통이다; 4=④ 충분하다; 5=⑤ 매우 충분하다,
636,Q21_1,문21-1. 확충 필요 시설/공간,Q21. 산림휴양·복지 정책 인식·요구,범주형(코드),0.0,16,"1=자연휴양림; 2=산림욕장; 3=치유의 숲; 4=숲길; 5=유아숲체험원; 6=산림교육센터; 7=수목장림; 8=숲속야영장; 9=산림레포츠시설; 10=산림복지단지; 11=수목원; 12=정원; 13=목재문화체험장; 14=도시숲(가로수,공원 등); 15=기타; 16=없음",
637,Q21_1_ETC,문21-1. 확충 필요 시설/공간_기타내용,Q21. 산림휴양·복지 정책 인식·요구,자유응답,100.0,1,별관찰이 가능한 공간,
638,Q22,문22. 산림휴양.복지활동이 삶에 미치는 영향,기타,범주형(코드),12.5,9,0=ⓞ 부정적 영향; 1=①; 2=②; 3=③; 4=④; 5=⑤ 영향 없음; 6=⑥; 7=⑦; 8=⑧; 9=⑨; 10=⑩ 긍정적 영향,O
639,DQ1,A. 직업,DQ. 인구통계 — 직업·학력·혼인·소득 등,범주형(코드),0.0,2,1=있음; 2=없음,O
640,DQ1_1,A. 직업 분류(1),DQ. 인구통계 — 직업·학력·혼인·소득 등,범주형(코드),32.8,10,1=관리자; 2=전문가 및 관련 종사자; 3=사무 종사자; 4=서비스 종사자; 5=판매 종사자; 6=농림어업 숙련 종사자; 7=기능원 및 관련 기능 종사자; 8=장치.기계 조작 및 조립 종사자; 9=단순노무 종사자; 10=군인(직업군인),O
641,DQ1_2,A. 직업 분류(2),DQ. 인구통계 — 직업·학력·혼인·소득 등,범주형(코드),67.2,5,11=학생; 12=주부; 13=취업 준비 중; 14=무직; 15=기타,O
642,DQ1_2_ETC,A. 직업 분류_기타내용,DQ. 인구통계 — 직업·학력·혼인·소득 등,자유응답,100.0,1,재수생,
643,DQ2,B. 최종학력,DQ. 인구통계 — 직업·학력·혼인·소득 등,범주형(코드),0.0,7,1=초등학교(무학 포함); 2=중학교; 3=고등학교; 4=대학교(4년제 미만); 5=대학교(4년제 이상); 6=대학원(석사과정); 7=대학원(박사과정),O
644,DQ2_1,B-1. 이수 구분,DQ. 인구통계 — 직업·학력·혼인·소득 등,범주형(코드),0.0,5,1=재학(현재 학교에 다니고 있음); 2=중퇴(학업을 중단하고 학교에 다니지 않음); 3=휴학(학업을 잠시 중단하였으나 학교에 다닐 예정); 4=수료(과정을 완료했으나 필요한 자격을 취득하지 못함); 5=졸업(정규과정의 학업을 정상적으로 완료함),
645,DQ3,C. 혼인여부,DQ. 인구통계 — 직업·학력·혼인·소득 등,범주형(코드),0.0,4,1=미혼; 2=배우자 있음; 3=사별; 4=이혼; 5=기타,O
646,DQ3_ETC,C. 혼인여부_기타내용,DQ. 인구통계 — 직업·학력·혼인·소득 등,삭제됨(전량결측),100.0,0,,
647,DQ4A1,D. 자녀유무,DQ. 인구통계 — 직업·학력·혼인·소득 등,범주형(코드),94.6,1,1=자녀 없음; 2=미취학아동 자녀(0세 - 만5세 이하); 3=취학자녀(만6세-만18세 이하); 4=성인자녀(만19세 이상),
648,DQ4A2,D. 자녀유무,DQ. 인구통계 — 직업·학력·혼인·소득 등,범주형(코드),97.4,1,1=자녀 없음; 2=미취학아동 자녀(0세 - 만5세 이하); 3=취학자녀(만6세-만18세 이하); 4=성인자녀(만19세 이상),
649,DQ4A3,D. 자녀유무,DQ. 인구통계 — 직업·학력·혼인·소득 등,범주형(코드),85.3,1,1=자녀 없음; 2=미취학아동 자녀(0세 - 만5세 이하); 3=취학자녀(만6세-만18세 이하); 4=성인자녀(만19세 이상),
650,DQ4A4,D. 자녀유무,DQ. 인구통계 — 직업·학력·혼인·소득 등,범주형(코드),51.3,1,1=자녀 없음; 2=미취학아동 자녀(0세 - 만5세 이하); 3=취학자녀(만6세-만18세 이하); 4=성인자녀(만19세 이상),
651,DQ4_2,D. 미취학아동 자녀 수,DQ. 인구통계 — 직업·학력·혼인·소득 등,수치형,97.4,3,범위 1~3,O
652,DQ4_3,D. 취학자녀 수,DQ. 인구통계 — 직업·학력·혼인·소득 등,수치형,85.3,4,범위 1~4,O
653,DQ4_4,D. 성인자녀 수,DQ. 인구통계 — 직업·학력·혼인·소득 등,수치형,51.3,7,범위 1~7,
654,DQ5,E. 월평균 가구소득,DQ. 인구통계 — 직업·학력·혼인·소득 등,범주형(코드),58.2,9,1=100만원 미만; 2=100만원 - 200만원 미만; 3=200만원 - 300만원 미만; 4=300만원 - 400만원 미만; 5=400만원 - 500만원 미만; 6=500만원 - 600만원 미만; 7=600만원 - 700만원 미만; 8=700만원 - 800만원 미만; 9=800만원 이상,O
655,DQ6,F. 장애등록 여부,DQ. 인구통계 — 직업·학력·혼인·소득 등,범주형(코드),0.0,3,1=해당사항 없음; 2=미등록; 3=등록,
656,DQ6_1,F-1. 장애유형,DQ. 인구통계 — 직업·학력·혼인·소득 등,범주형(코드),98.8,12,1=지체; 2=뇌병변; 3=시각; 4=청각; 5=언어; 6=지적; 7=정신; 8=자폐성; 9=신장; 10=심장; 11=호흡기; 12=간; 13=안면; 14=장루.요루; 15=뇌전증,
657,DQ6_2,F-2. 장애등급,DQ. 인구통계 — 직업·학력·혼인·소득 등,범주형(코드),98.8,2,1=경증; 2=중증,
658,WT,<없음>,가중치 (WT),수치형,0.0,238,범위 773.614~49151.3,O
659,D_SQ6,성별,DQ. 인구통계 — 직업·학력·혼인·소득 등,수치형,0.0,2,범위 1~2,
660,D_SQ7,연령별,DQ. 인구통계 — 직업·학력·혼인·소득 등,수치형,0.0,7,범위 1~7,O
661,D_DQ2,학력별,DQ. 인구통계 — 직업·학력·혼인·소득 등,수치형,0.0,4,범위 1~4,
662,D_SQ3,동거가구원수별,DQ. 인구통계 — 직업·학력·혼인·소득 등,수치형,0.0,3,범위 1~3,
663,D_DQ3,혼인상태,DQ. 인구통계 — 직업·학력·혼인·소득 등,수치형,0.0,3,범위 1~3,
664,D_SQ8,가구주 여부,DQ. 인구통계 — 직업·학력·혼인·소득 등,수치형,0.0,2,범위 1~2,
665,D_DQ5,월평균 가구소득별,DQ. 인구통계 — 직업·학력·혼인·소득 등,수치형,58.2,8,범위 1~8,O
666,D_SQ4,주거형태별,DQ. 인구통계 — 직업·학력·혼인·소득 등,수치형,0.0,4,범위 1~4,
667,D_CO1112,지역규모,기타,수치형,0.0,3,범위 1~3,O
668,D_CO11,거주지역,기타,수치형,0.0,17,범위 1~17,
